Date,Adj Close,Close,High,Low,Open,Volume
2020-01-01,672.22,690.14,698.14,688.26,693.98,14004468
2020-01-02,683.66,701.89,704.47,691.24,691.24,17710316
2020-01-03,684.48,702.73,704.79,696.26,700.84,20984698
2020-01-06,668.61,686.44,698.5,684.84,694.89,24519177
2020-01-07,678.9,697.0,701.52,691.92,694.44,16683622
2020-01-08,673.8,691.76,701.5,690.32,692.61,16047902
2020-01-09,689.32,707.69,708.61,700.04,703.4,14982742
2020-01-10,689.16,707.53,712.24,703.88,709.48,12478359
2020-01-13,687.4,705.73,712.59,703.3,706.34,18282382
2020-01-14,681.03,699.19,708.61,695.74,704.04,15816535
2020-01-15,678.56,696.65,703.99,694.09,702.14,15817859
2020-01-16,684.82,703.08,705.57,698.55,699.01,12847975
2020-01-17,704.01,722.78,724.59,710.07,710.21,29463471
2020-01-20,682.35,700.54,735.58,697.82,735.58,32545850
2020-01-21,683.04,701.25,706.71,695.81,698.82,18922720
2020-01-22,682.79,701.0,707.12,699.97,705.86,10322817
2020-01-23,679.9,698.02,704.93,695.21,702.44,11247739
2020-01-24,677.54,695.6,702.37,694.23,698.09,14628445
2020-01-27,670.86,688.74,696.93,688.04,692.56,13387750
2020-01-28,655.36,672.83,690.32,669.11,689.68,24532236
2020-01-29,658.97,676.54,683.19,669.31,673.89,24746565
2020-01-30,642.89,660.03,676.47,658.32,676.15,22402689
2020-01-31,628.6,645.36,664.38,643.32,664.26,34750310
2020-02-03,616.96,633.4,640.01,623.14,626.27,30712290
2020-02-04,635.17,652.1,654.89,639.03,640.03,25383901
2020-02-05,645.01,662.21,664.17,653.89,655.99,18472100
2020-02-06,649.15,666.46,670.66,658.37,664.77,15538577
2020-02-07,638.4,655.42,663.97,652.97,663.35,12209212
2020-02-10,639.26,656.31,660.83,644.81,652.83,15142476
2020-02-11,646.9,664.15,670.3,660.63,661.7,13999816
2020-02-12,654.72,672.17,674.25,665.18,665.7,13533565
2020-02-13,656.43,673.93,675.58,668.65,675.58,13565659
2020-02-14,662.42,680.08,686.41,664.31,675.35,21227841
2020-02-17,658.26,675.81,688.56,674.0,680.72,13149130
2020-02-18,653.42,670.85,674.73,666.27,674.73,11127161
2020-02-19,669.63,687.49,688.7,674.37,676.31,14084409
2020-02-20,661.68,679.33,689.41,678.34,684.38,16892268
2020-02-24,643.43,660.58,675.23,658.11,671.92,21370214
2020-02-25,630.71,647.53,663.53,644.6,663.53,27745062
2020-02-26,619.85,636.38,645.68,634.25,644.6,29362748
2020-02-27,617.29,633.75,637.2,625.86,634.55,25054993
2020-02-28,591.64,607.41,620.37,605.75,619.41,39315769
2020-03-02,586.07,601.7,625.86,594.82,619.51,29500495
2020-03-03,597.96,613.91,618.96,604.37,607.89,27398798
2020-03-04,596.56,612.47,618.91,597.93,618.09,22105261
2020-03-05,583.85,599.41,620.81,597.06,618.18,30510390
2020-03-06,565.97,581.06,588.9,567.39,580.6,33734039
2020-03-09,496.12,509.35,567.34,500.6,566.91,88187018
2020-03-11,513.67,527.36,538.75,506.54,506.54,59578576
2020-03-12,473.35,485.97,503.34,479.43,496.03,55970485
2020-03-13,492.18,505.31,521.17,430.83,456.25,73297403
2020-03-16,452.29,464.34,493.6,459.45,484.85,38482258
2020-03-17,448.86,460.82,484.6,458.63,478.77,45445979
2020-03-18,431.27,442.77,473.58,439.34,468.73,44730415
2020-03-19,408.65,419.54,442.08,407.88,420.64,61404010
2020-03-20,453.29,465.37,473.12,425.16,429.51,63360475
2020-03-23,393.66,404.16,434.31,400.32,418.86,40670949
2020-03-24,420.09,431.29,443.45,409.53,425.16,45734887
2020-03-25,481.92,494.77,526.45,440.37,440.62,73130298
2020-03-26,474.77,487.43,510.61,476.53,500.96,45744488
2020-03-27,474.51,487.16,506.22,478.29,500.6,41657940
2020-03-30,458.85,471.09,491.36,466.31,475.73,30229866
2020-03-31,495.95,509.17,516.51,479.11,490.97,44292810
2020-04-01,481.12,493.95,514.13,477.83,513.05,41597459
2020-04-03,479.78,492.57,518.63,482.9,518.63,41367807
2020-04-07,537.07,551.39,555.0,502.88,503.84,54373624
2020-04-08,530.86,545.01,561.86,530.31,539.46,49880330
2020-04-09,543.24,557.72,563.59,545.4,555.0,33032857
2020-04-13,529.52,543.64,555.46,539.46,550.41,23673784
2020-04-15,512.02,525.67,565.06,522.54,547.25,35321842
2020-04-16,520.13,533.99,542.86,523.46,525.67,37455706
2020-04-17,545.04,559.57,562.31,545.24,555.91,33269335
2020-04-20,553.86,568.62,574.66,549.51,560.49,36030932
2020-04-21,550.98,565.67,572.37,532.14,553.17,61371628
2020-04-22,607.2,623.39,633.13,594.32,603.46,142683366
2020-04-23,610.45,626.73,633.56,618.68,625.11,65464502
2020-04-24,630.98,647.8,683.44,615.89,617.24,134986308
2020-04-27,636.66,653.63,674.32,650.55,655.58,58482901
2020-04-28,635.95,652.9,665.38,636.44,662.89,78453401
2020-04-29,635.41,652.35,664.56,649.18,660.56,37494672
2020-04-30,652.8,670.21,683.44,657.43,664.7,71345899
2020-05-04,639.09,656.13,669.75,648.01,658.32,53456868
2020-05-05,650.42,667.76,676.15,661.61,664.58,44903763
2020-05-06,650.46,667.81,678.87,660.83,669.29,40489094
2020-05-07,671.04,688.93,691.99,660.61,665.18,50026966
2020-05-08,695.46,714.0,722.28,702.71,706.32,84262770
2020-05-11,702.14,720.86,738.32,718.8,722.32,67085063
2020-05-12,658.7,676.26,717.0,669.75,715.37,100683202
2020-05-13,672.68,690.61,704.71,671.02,704.71,66430125
2020-05-14,645.48,662.69,690.73,659.97,677.94,49266771
2020-05-15,656.02,673.51,676.88,653.07,666.41,62152260
2020-05-18,647.64,664.91,683.94,659.02,678.4,62796089
2020-05-19,633.32,650.21,674.57,647.6,672.41,42315854
2020-05-20,644.47,661.65,667.72,642.87,650.71,55320985
2020-05-21,647.86,665.14,674.46,657.64,662.25,39167981
2020-05-22,643.5,660.66,672.87,658.33,670.01,37828973
2020-05-26,640.13,657.2,669.04,653.62,668.32,33216635
2020-05-27,649.8,667.12,671.02,651.64,660.41,35667956
2020-05-28,661.8,679.44,682.9,668.71,671.48,40126278
2020-05-29,658.27,675.82,679.33,670.4,677.48,40022527
2020-06-01,683.42,701.64,709.95,681.15,683.02,39943702
2020-06-02,690.32,708.73,710.71,701.85,704.25,22153960
2020-06-03,693.0,711.47,719.94,707.64,713.02,25381289
2020-06-04,710.14,729.08,733.55,711.17,712.56,34202350
2020-06-05,711.0,729.95,746.71,726.26,736.09,33076685
2020-06-08,705.51,724.32,746.89,722.25,746.89,31414953
2020-06-09,690.97,709.39,730.55,707.48,720.08,25857161
2020-06-10,706.71,725.55,728.96,710.73,712.14,22132647
2020-06-11,691.22,709.65,723.61,706.56,722.71,20385805
2020-06-12,714.19,733.23,735.17,690.87,692.25,38548899
2020-06-15,725.76,745.11,750.84,720.45,722.25,53107403
2020-06-16,727.18,746.57,760.81,731.62,758.24,51187003
2020-06-17,726.12,745.48,754.76,739.37,742.21,41782053
2020-06-18,744.35,764.2,768.4,740.98,741.63,40471557
2020-06-19,790.88,811.96,825.53,767.01,770.7,105804173
2020-06-22,784.92,805.85,832.64,800.7,818.42,60198705
2020-06-23,773.57,794.2,813.97,791.98,807.62,37962078
2020-06-24,776.69,797.4,818.1,789.95,801.12,51586221
2020-06-25,772.22,792.81,807.16,790.57,797.01,39679374
2020-06-26,782.9,803.77,808.55,792.4,797.84,30921913
2020-06-29,774.58,795.23,802.89,791.73,797.49,25621946
2020-06-30,766.02,786.44,803.47,782.5,801.63,30276420
2020-07-01,781.08,801.9,807.16,788.26,793.78,28464103
2020-07-02,794.52,812.4,815.75,800.73,804.39,28789533
2020-07-03,806.96,825.12,827.47,815.93,821.38,29434266
2020-07-06,835.8,854.61,857.47,827.05,833.01,47016185
2020-07-07,823.0,841.52,860.4,833.61,858.39,35189589
2020-07-08,811.52,829.78,846.83,826.08,841.8,26204095
2020-07-09,823.37,841.89,846.85,824.35,834.85,36418942
2020-07-10,847.65,866.72,869.74,841.89,843.85,43759967
2020-07-13,873.35,893.0,898.86,876.85,878.4,69608392
2020-07-14,865.23,884.7,896.09,870.99,892.54,67331128
2020-07-15,832.28,851.01,913.22,829.78,894.36,139669773
2020-07-16,832.01,850.73,862.54,836.45,852.39,60961724
2020-07-17,862.84,882.25,886.08,848.24,851.47,49726765
2020-07-20,866.54,886.03,891.62,876.69,885.06,36592938
2020-07-21,889.85,909.87,912.39,893.69,894.85,42173371
2020-07-22,904.49,924.85,927.61,904.86,915.15,59771457
2020-07-23,928.78,949.67,959.78,919.01,924.82,58333751
2020-07-24,968.65,990.45,998.22,949.67,949.77,120597372
2020-07-27,973.19,995.09,1014.75,982.03,1005.52,80304827
2020-07-28,982.89,1005.01,1012.53,992.52,995.09,55114422
2020-07-29,946.31,967.6,1007.36,955.51,1005.1,72663399
2020-07-30,951.82,973.23,987.47,956.23,968.69,72857444
2020-07-31,932.97,953.97,982.53,947.37,975.84,74958061
2020-08-03,906.75,927.15,949.31,924.43,946.67,46715383
2020-08-04,970.66,992.5,1000.07,923.12,932.51,92041055
2020-08-05,959.76,981.36,1013.45,977.6,1000.99,74549993
2020-08-06,963.21,984.89,1000.39,972.75,995.46,49322975
2020-08-07,968.79,990.59,995.82,978.47,982.9,32984416
2020-08-10,956.78,978.31,999.15,972.89,996.42,26958997
2020-08-11,963.08,984.75,996.84,969.31,985.21,46828306
2020-08-12,960.28,981.89,989.92,972.29,978.84,30264617
2020-08-13,957.78,979.33,987.1,973.76,982.07,24830322
2020-08-14,954.05,975.52,995.46,964.19,979.56,33224635
2020-08-17,943.92,965.16,971.46,955.35,971.46,30979066
2020-08-18,956.2,977.71,984.98,961.0,962.23,30547672
2020-08-19,962.06,983.71,994.07,979.0,988.07,34087543
2020-08-20,946.49,967.79,980.18,963.61,978.38,22537845
2020-08-21,939.63,960.77,979.3,958.54,977.46,25280895
2020-08-24,945.91,967.19,971.23,955.54,965.18,32717218
2020-08-25,939.74,960.89,974.36,959.0,971.92,19388008
2020-08-26,964.66,986.36,991.28,944.69,962.23,59870421
2020-08-27,952.61,974.04,992.22,970.65,991.3,28085062
2020-08-28,955.11,976.6,984.33,972.03,978.38,27166900
2020-08-31,939.11,960.24,1003.3,950.85,1003.3,62076132
2020-09-01,942.07,963.27,979.49,951.8,969.15,38616258
2020-09-02,960.55,982.16,986.69,962.23,965.46,26949439
2020-09-03,953.28,974.73,987.03,970.53,982.07,18586429
2020-09-04,937.56,958.65,967.74,956.32,961.56,28475945
2020-09-07,939.99,961.14,971.8,943.42,961.77,21926473
2020-09-08,951.03,972.43,978.84,960.15,965.46,27397082
2020-09-09,975.51,997.46,1000.44,960.59,962.23,55310877
2020-09-10,1044.41,1067.91,1082.19,1003.92,1007.5,140304404
2020-09-11,1047.01,1070.56,1078.92,1055.5,1066.99,59470807
2020-09-14,1039.24,1062.63,1089.14,1053.14,1072.99,44063445
2020-09-15,1046.6,1070.15,1073.33,1055.98,1066.96,27178393
2020-09-16,1049.17,1072.78,1093.45,1066.32,1070.68,33952295
2020-09-17,1037.53,1060.87,1077.0,1057.69,1070.68,25828669
2020-09-18,1040.66,1064.08,1070.43,1050.63,1068.03,33074915
2020-09-21,1018.17,1041.07,1078.06,1037.15,1061.45,33627381
2020-09-22,997.99,1020.45,1050.84,1016.01,1050.84,34792254
2020-09-23,1006.86,1029.51,1050.72,1017.75,1042.99,42988708
2020-09-24,984.47,1006.62,1027.3,1004.25,1018.95,29826318
2020-09-25,993.72,1016.08,1021.21,1000.21,1010.22,28374935
2020-09-28,1000.29,1022.8,1032.84,1018.55,1027.76,19666849
2020-09-29,1013.29,1036.09,1044.84,1022.8,1026.84,25842539
2020-09-30,1008.46,1031.15,1046.22,1026.84,1042.99,24465159
2020-10-01,1004.35,1026.95,1044.74,1021.76,1044.74,20783227
2020-10-05,998.46,1020.93,1037.98,1018.07,1035.61,18922799
2020-10-06,997.63,1020.08,1030.94,1016.06,1026.95,18412175
2020-10-07,1018.91,1041.84,1065.6,1024.53,1031.45,53170865
2020-10-08,1010.67,1033.41,1046.68,1025.5,1042.53,21077808
2020-10-09,1008.06,1030.74,1039.76,1023.19,1031.45,18545499
2020-10-12,1009.68,1032.4,1041.03,1027.41,1031.45,14226473
2020-10-13,1029.38,1052.54,1054.87,1027.23,1029.42,23112012
2020-10-14,1032.45,1055.68,1063.3,1046.91,1051.71,26742011
2020-10-15,995.89,1018.3,1056.83,1012.99,1056.83,20036197
2020-10-16,982.04,1004.13,1030.3,1002.68,1022.22,21583600
2020-10-19,982.22,1004.32,1028.54,994.6,1010.71,31200385
2020-10-20,973.05,994.95,1012.07,993.26,1005.61,18482288
2020-10-21,958.93,980.5,1011.61,968.11,1000.53,34082321
2020-10-22,950.96,972.36,984.15,965.0,981.79,30802210
2020-10-23,953.71,975.17,985.3,967.49,971.92,23422125
2020-10-26,915.82,936.43,970.05,931.54,970.05,37324416
2020-10-27,918.26,938.92,950.62,925.31,939.11,36478896
2020-10-28,907.86,928.28,949.63,926.41,942.29,29924017
2020-10-29,914.83,935.41,942.38,918.85,921.62,30655304
2020-10-30,927.29,948.15,953.04,933.06,938.46,34021563
2020-11-02,847.38,866.44,935.46,858.0,935.46,99366895
2020-11-03,835.17,853.96,881.0,846.9,872.23,88691623
2020-11-04,863.51,882.94,890.23,847.78,847.78,80180117
2020-11-05,882.38,902.23,904.98,891.62,902.21,37205373
2020-11-06,915.85,936.45,941.46,912.92,918.38,66674086
2020-11-09,925.57,946.4,954.84,939.61,951.66,35838510
2020-11-10,940.85,962.02,964.53,942.01,958.54,36934242
2020-11-11,901.43,921.71,966.84,912.89,964.07,56724780
2020-11-12,893.66,913.77,926.9,906.85,914.23,40046527
2020-11-13,901.06,921.34,939.91,914.58,914.69,45388670
2020-11-14,903.73,924.06,930.06,920.85,929.88,5226220
2020-11-17,899.64,919.88,962.23,916.08,962.23,46542562
2020-11-18,896.91,917.09,926.0,904.59,919.88,30402290
2020-11-19,890.57,910.61,927.82,908.32,917.09,27796343
2020-11-20,857.33,876.62,915.52,874.54,911.46,57471248
2020-11-23,880.44,900.25,909.15,888.96,900.39,45327567
2020-11-24,886.46,906.41,911.0,891.62,906.39,30936268
2020-11-25,879.13,898.91,919.75,896.33,913.77,32637879
2020-11-26,881.3,901.12,906.85,890.72,901.33,25838637
2020-11-27,871.0,890.6,902.74,886.73,895.54,47336811
2020-12-01,882.33,902.19,907.42,890.72,895.47,19750687
2020-12-02,883.8,903.69,905.46,893.0,903.85,22188887
2020-12-03,886.46,906.41,914.28,903.92,910.08,27785372
2020-12-04,878.65,898.42,908.69,895.31,908.69,18464552
2020-12-07,883.82,903.71,906.85,895.59,895.59,18242188
2020-12-08,899.87,920.12,929.58,899.92,905.07,43403061
2020-12-09,914.85,935.44,938.6,922.65,927.59,29175254
2020-12-10,905.85,926.23,936.15,923.46,932.97,16065507
2020-12-11,905.31,925.68,940.54,911.12,929.0,26944202
2020-12-14,898.76,918.98,929.92,916.7,926.67,17312747
2020-12-15,891.11,911.16,918.25,905.05,918.25,18551265
2020-12-16,892.1,912.18,920.67,907.17,917.46,18561011
2020-12-17,896.19,916.35,925.31,912.45,915.85,20252358
2020-12-18,898.88,919.1,925.26,906.85,913.82,18466344
2020-12-21,875.47,895.17,933.15,856.2,927.61,44135540
2020-12-22,874.12,893.79,904.03,871.52,899.46,28140001
2020-12-23,877.35,897.09,900.59,886.38,890.69,19501410
2020-12-24,900.05,920.3,922.45,898.03,898.54,20776988
2020-12-28,904.18,924.52,931.31,920.83,926.09,17221499
2020-12-29,898.2,918.41,928.68,914.95,927.15,18611939
2020-12-30,900.66,920.92,926.32,911.72,920.81,22043630
2020-12-31,896.05,916.22,928.49,913.12,920.0,18781189
2021-01-01,897.05,917.23,921.62,914.69,917.46,10015175
2021-01-04,898.56,918.78,922.49,908.23,920.74,24513534
2021-01-05,887.39,907.35,915.43,902.69,908.69,24123091
2021-01-06,863.99,883.43,907.31,879.23,907.26,46401468
2021-01-07,862.59,882.0,897.62,879.23,886.31,32325918
2021-01-08,872.76,892.4,894.57,882.43,885.16,27540187
2021-01-11,856.31,875.58,894.76,873.39,894.76,33307825
2021-01-12,883.3,903.18,904.54,876.8,878.23,41161546
2021-01-13,875.07,894.76,911.44,885.36,906.18,26619458
2021-01-14,884.91,904.82,907.72,894.87,897.62,21553242
2021-01-15,874.46,894.13,910.91,886.1,904.82,20593268
2021-01-18,895.44,915.59,921.62,887.63,899.51,35100458
2021-01-19,910.09,930.57,937.31,920.53,920.53,32006615
2021-01-20,927.38,948.24,949.77,923.65,932.88,30924537
2021-01-21,947.55,968.87,978.38,957.61,960.84,39087742
2021-01-22,925.08,945.89,976.23,939.22,974.23,30532660
2021-01-25,876.06,895.77,939.13,891.62,939.13,54207104
2021-01-27,855.3,874.54,888.39,871.31,888.39,42370131
2021-01-28,846.97,866.03,887.6,863.0,867.69,34067814
2021-01-29,831.35,850.06,882.9,844.54,874.22,43712383
2021-02-01,855.43,874.68,879.16,852.85,858.11,34180952
2021-02-02,869.2,888.76,895.31,856.06,883.43,41470034
2021-02-03,871.39,890.99,900.85,876.85,889.91,30301696
2021-02-04,868.52,888.06,895.31,879.16,887.93,25626981
2021-02-05,868.27,887.81,897.46,886.08,890.72,20248046
2021-02-08,880.78,900.59,908.69,890.26,892.1,21183400
2021-02-09,882.9,902.76,918.2,900.99,905.44,19604141
2021-02-10,891.09,911.14,915.96,889.45,901.66,21234156
2021-02-11,927.83,948.71,952.63,910.19,913.77,42539278
2021-02-12,921.46,942.2,959.0,930.11,948.61,30497029
2021-02-15,917.4,938.04,951.29,934.54,945.17,15791099
2021-02-16,929.54,950.46,959.64,939.15,941.34,21421660
2021-02-17,940.26,961.42,967.28,946.35,950.69,23742994
2021-02-18,933.24,954.24,973.03,950.27,962.23,18646877
2021-02-19,938.93,960.06,971.43,947.6,949.31,23403483
2021-02-22,906.34,926.74,964.49,920.67,959.92,23804335
2021-02-23,913.27,933.82,947.41,929.28,945.15,25644108
2021-02-24,930.22,951.15,953.11,935.07,936.84,10807663
2021-02-25,967.84,989.62,993.15,956.69,958.07,34855693
2021-02-26,941.41,962.6,984.79,955.63,977.0,37481215
2021-03-01,948.59,969.93,974.69,951.84,973.86,17680764
2021-03-02,950.53,971.92,982.99,964.12,979.3,17150760
2021-03-03,993.91,1016.27,1024.48,972.47,978.86,31924461
2021-03-04,982.06,1004.15,1010.66,995.78,1006.07,21435754
2021-03-05,983.34,1005.47,1020.81,993.63,994.99,25511666
2021-03-08,988.94,1011.19,1030.02,1000.53,1000.76,19506841
2021-03-09,988.92,1011.17,1021.67,990.66,1015.3,15154484
2021-03-10,984.81,1006.97,1022.27,1001.57,1018.53,11519358
2021-03-12,964.79,986.5,1018.25,980.18,1012.99,16864952
2021-03-15,951.84,973.26,991.72,960.15,987.63,16698099
2021-03-16,948.09,969.43,981.15,967.07,975.61,13873801
2021-03-17,927.67,948.54,970.53,939.2,968.25,19210236
2021-03-18,906.8,927.2,962.13,923.46,956.64,20647480
2021-03-19,939.7,960.84,967.23,915.06,918.85,41787429
2021-03-22,930.85,951.8,957.15,938.32,955.77,18572478
2021-03-23,942.18,963.38,973.63,948.84,951.59,17421165
2021-03-24,924.04,944.83,959.8,941.64,959.8,16822814
2021-03-25,898.83,919.05,947.92,916.08,947.92,22001648
2021-03-26,900.27,920.53,929.32,910.86,928.54,20180202
2021-03-30,915.91,936.52,945.57,919.1,926.69,20441701
2021-03-31,904.09,924.43,946.03,922.54,931.31,16250796
2021-04-01,912.55,933.08,936.84,924.45,931.31,11723312
2021-04-05,899.35,919.58,934.54,905.51,934.51,14875099
2021-04-06,895.6,915.75,925.28,908.69,924.85,14009194
2021-04-07,903.98,924.31,944.64,919.91,923.0,24266353
2021-04-08,905.1,925.47,933.15,919.77,928.08,15369188
2021-04-09,894.59,914.72,925.93,913.77,922.28,14037885
2021-04-12,862.59,882.0,905.19,876.97,904.08,20901482
2021-04-13,871.91,891.53,895.59,885.09,887.93,19411189
2021-04-15,877.55,897.29,905.0,882.85,888.99,19723716
2021-04-16,872.04,891.66,899.88,889.06,893.74,15656948
2021-04-19,858.32,877.63,884.42,872.23,878.7,18478808
2021-04-20,858.07,877.38,885.62,872.44,881.7,17203668
2021-04-22,860.44,879.8,883.52,866.1,873.27,14490954
2021-04-23,859.52,878.86,885.57,874.7,879.62,11828857
2021-04-26,874.64,894.32,905.46,882.16,886.08,20846778
2021-04-27,897.57,917.76,921.71,894.5,895.31,19992524
2021-04-28,901.47,921.75,926.69,913.84,922.01,17122437
2021-04-29,913.54,934.1,943.54,926.37,933.57,17412606
2021-04-30,900.21,920.46,939.61,917.25,926.92,19828769
2021-05-03,884.21,904.1,913.31,896.74,907.31,23640186
2021-05-04,865.05,884.51,908.14,881.93,899.92,21849830
2021-05-05,866.63,886.13,894.62,880.56,887.63,12393609
2021-05-06,871.55,891.16,893.0,879.9,886.93,14624666
2021-05-07,871.88,891.5,902.53,888.85,894.27,12288548
2021-05-10,869.38,888.94,898.45,886.52,894.85,13941237
2021-05-11,872.52,892.15,894.64,881.46,883.77,13478264
2021-05-12,863.49,882.92,892.03,880.08,890.74,13177961
2021-05-14,874.39,894.06,896.23,879.62,889.79,13291616
2021-05-17,884.79,904.7,906.13,890.88,894.06,11873078
2021-05-18,897.25,917.44,924.2,910.31,914.23,12064918
2021-05-19,901.36,921.64,930.59,910.08,913.77,16317002
2021-05-20,896.1,916.26,928.03,914.23,922.03,11422532
2021-05-21,903.84,924.18,927.43,916.54,919.31,10785605
2021-05-24,896.21,916.38,927.52,914.69,926.69,8551760
2021-05-25,886.06,905.99,921.62,904.54,921.34,14780102
2021-05-26,889.17,909.18,913.54,906.99,911.46,7480204
2021-05-27,891.9,911.97,919.77,905.58,909.29,26819294
2021-05-28,945.48,966.75,971.46,918.38,918.38,56469931
2021-05-31,975.04,996.98,1011.47,962.25,970.07,59124142
2021-06-01,978.92,1000.95,1016.22,990.61,999.61,28013832
2021-06-02,993.52,1015.88,1019.68,995.46,995.46,24630162
2021-06-03,997.31,1019.75,1038.37,1013.5,1024.99,23974257
2021-06-04,988.67,1010.92,1022.89,1008.03,1022.13,14468646
2021-06-07,1005.32,1027.94,1034.68,1008.38,1016.22,16336573
2021-06-08,999.55,1022.04,1027.83,1014.45,1027.58,9674735
2021-06-09,981.67,1003.76,1024.99,995.89,1024.07,11409161
2021-06-10,985.28,1007.45,1029.14,1004.94,1012.25,14155653
2021-06-11,1002.38,1021.37,1028.22,1006.12,1007.41,13762778
2021-06-14,1016.76,1036.02,1042.18,1013.02,1022.22,20332436
2021-06-15,1019.07,1038.37,1049.87,1033.9,1043.45,15174215
2021-06-16,1001.67,1020.65,1037.01,1018.0,1036.02,10797349
2021-06-17,1003.51,1022.52,1031.45,1006.02,1015.3,15745975
2021-06-18,1008.04,1027.14,1031.45,1008.08,1027.07,29369026
2021-06-21,1013.29,1032.49,1037.22,1015.37,1016.91,12186448
2021-06-22,1008.08,1027.18,1043.45,1024.23,1040.22,12871913
2021-06-23,998.84,1017.77,1038.65,1016.08,1038.37,16653951
2021-06-24,975.36,993.84,1022.04,987.61,1018.46,91461975
2021-06-25,953.14,971.2,993.84,960.43,993.84,55355022
2021-06-28,944.79,962.69,981.38,960.38,979.3,20277042
2021-06-29,945.6,963.52,973.3,961.81,964.3,27144063
2021-06-30,955.95,974.06,979.6,965.02,967.42,19762858
2021-07-01,950.2,968.2,979.83,966.84,977.46,12534407
2021-07-02,964.28,982.56,984.33,965.9,967.77,14086620
2021-07-05,973.86,992.32,993.86,983.69,985.97,11702287
2021-07-06,962.36,980.59,991.72,978.47,989.89,10070124
2021-07-07,955.68,973.79,981.96,968.23,981.96,10454892
2021-07-08,947.78,965.73,976.97,960.38,976.97,11185460
2021-07-09,938.08,955.86,965.32,953.5,963.61,9037675
2021-07-12,943.93,961.81,969.84,957.38,959.8,8585292
2021-07-13,950.99,969.01,970.56,963.63,969.15,6717133
2021-07-14,944.79,962.69,972.31,960.5,969.31,8532544
2021-07-15,943.13,961.0,966.84,959.23,966.84,9448356
2021-07-16,956.74,974.87,975.96,963.43,963.5,8828185
2021-07-19,950.65,968.67,980.23,965.57,969.15,8354449
2021-07-20,948.32,966.29,972.84,961.77,968.92,6741464
2021-07-22,960.5,978.7,980.18,968.3,977.92,7972397
2021-07-23,953.71,971.78,985.05,970.1,985.05,9937030
2021-07-26,940.64,958.47,978.84,955.81,972.84,12389668
2021-07-27,930.75,948.38,961.63,942.38,958.44,10824523
2021-07-28,922.75,940.24,949.77,930.5,949.77,12897848
2021-07-29,929.95,947.57,957.34,943.03,947.92,13765738
2021-07-30,921.82,939.29,954.36,937.35,949.77,11350608
2021-08-02,938.67,956.46,959.64,941.99,948.06,10925104
2021-08-03,945.58,963.5,965.0,952.63,964.53,11817299
2021-08-04,952.83,970.88,975.61,963.15,966.57,13169800
2021-08-05,966.64,984.96,994.44,971.11,975.75,21252078
2021-08-06,946.17,964.1,990.82,959.34,982.97,16620987
2021-08-09,940.78,958.6,964.44,953.69,960.38,7494143
2021-08-10,945.72,963.63,975.15,957.04,960.84,11919198
2021-08-11,958.96,977.13,978.38,961.49,967.74,9184963
2021-08-12,955.88,974.0,981.24,971.46,980.64,8137612
2021-08-13,971.8,990.22,992.18,973.28,977.13,12780901
2021-08-16,984.42,1003.07,1016.68,982.14,991.92,21935444
2021-08-17,980.23,998.8,1008.47,991.23,1000.92,12658169
2021-08-18,984.03,1002.68,1009.21,993.42,1003.3,10075860
2021-08-20,972.98,991.42,1002.38,986.23,988.99,9426282
2021-08-23,979.37,997.92,1003.3,984.06,1003.3,9854395
2021-08-24,989.04,1007.78,1011.61,994.81,999.17,11864472
2021-08-25,997.6,1016.5,1024.53,1006.12,1008.56,13380559
2021-08-26,1010.21,1029.35,1036.02,1017.61,1018.99,18589616
2021-08-27,1008.83,1027.94,1035.03,1022.71,1032.38,10480636
2021-08-30,1028.24,1047.72,1050.3,1032.28,1038.37,14027062
2021-08-31,1022.76,1042.14,1053.95,1034.8,1050.79,26485463
2021-09-01,1026.81,1046.27,1058.17,1044.37,1048.99,11145486
2021-09-02,1039.18,1058.87,1065.05,1040.68,1040.68,9956770
2021-09-03,1081.79,1102.29,1105.29,1062.6,1066.06,30664428
2021-09-06,1098.6,1119.41,1144.52,1113.14,1113.6,33641710
2021-09-07,1105.53,1126.47,1134.37,1113.14,1121.44,17349882
2021-09-08,1101.2,1122.07,1132.52,1110.67,1131.6,14301651
2021-09-09,1098.6,1119.41,1125.07,1115.03,1120.48,8963249
2021-09-13,1074.12,1094.47,1122.83,1092.85,1122.83,16311160
2021-09-14,1072.71,1093.04,1104.83,1091.91,1096.06,8908356
2021-09-15,1077.17,1097.59,1105.64,1093.06,1093.06,9071075
2021-09-16,1099.78,1120.61,1124.56,1092.37,1099.08,13448882
2021-09-17,1082.72,1103.24,1133.37,1096.34,1128.83,34882133
2021-09-20,1084.44,1104.99,1116.07,1093.75,1094.72,11779819
2021-09-21,1089.13,1109.77,1115.26,1100.22,1109.91,9915736
2021-09-22,1100.82,1121.68,1126.98,1106.79,1111.29,10995912
2021-09-23,1127.72,1149.09,1152.37,1128.6,1129.47,15748397
2021-09-24,1124.46,1145.77,1156.26,1140.83,1155.39,15192163
2021-09-27,1143.37,1165.03,1167.55,1142.35,1147.75,15373834
2021-09-28,1154.06,1175.92,1183.7,1159.66,1169.44,18035258
2021-09-29,1144.91,1166.6,1186.05,1163.0,1186.05,9719875
2021-09-30,1141.01,1162.63,1169.72,1153.91,1165.29,13590654
2021-10-01,1143.03,1164.69,1172.12,1151.44,1154.65,8958928
2021-10-04,1157.73,1179.66,1188.29,1170.85,1178.21,10918552
2021-10-05,1181.75,1204.15,1205.44,1175.6,1179.18,13533634
2021-10-06,1159.4,1181.37,1209.11,1177.33,1209.11,10258881
2021-10-07,1165.09,1187.16,1199.32,1184.99,1197.59,6336665
2021-10-08,1209.86,1232.78,1238.85,1191.36,1193.09,15772493
2021-10-11,1201.43,1224.2,1255.28,1220.83,1246.7,14768666
2021-10-12,1208.29,1231.19,1238.2,1218.94,1220.67,6682011
2021-10-13,1220.59,1243.72,1255.05,1231.88,1236.36,9959762
2021-10-14,1223.06,1246.23,1254.1,1240.14,1246.21,8623469
2021-10-18,1226.32,1249.56,1266.82,1228.65,1231.56,13594479
2021-10-19,1237.3,1260.75,1269.75,1249.74,1257.03,8833409
2021-10-20,1223.06,1246.23,1265.78,1242.13,1265.78,12710570
2021-10-21,1187.78,1210.28,1258.97,1201.38,1258.69,20831669
2021-10-22,1190.0,1212.54,1229.85,1205.21,1209.13,11027475
2021-10-25,1178.4,1200.73,1236.82,1186.05,1236.82,17198417
2021-10-26,1205.24,1228.07,1231.7,1201.35,1207.79,9750178
2021-10-27,1190.0,1212.54,1235.34,1209.11,1223.9,9896298
2021-10-28,1176.95,1199.25,1217.41,1195.52,1209.13,9886181
2021-10-29,1148.71,1170.48,1198.12,1154.53,1198.12,14233025
2021-11-01,1149.42,1171.19,1179.59,1151.03,1170.48,15481114
2021-11-02,1132.66,1154.12,1175.9,1151.56,1174.52,10569130
2021-11-03,1124.87,1146.18,1162.98,1135.75,1156.54,11989430
2021-11-04,1131.77,1153.22,1156.01,1149.13,1150.5,1705656
2021-11-08,1133.18,1154.65,1162.98,1133.63,1162.7,20337183
2021-11-09,1142.12,1163.76,1167.09,1147.77,1156.06,15682497
2021-11-10,1154.9,1176.78,1180.52,1155.43,1161.46,10253470
2021-11-11,1157.0,1178.92,1186.29,1170.16,1172.23,10722478
2021-11-12,1174.46,1196.72,1199.32,1180.06,1182.78,8712341
2021-11-15,1167.53,1189.65,1200.91,1186.05,1199.9,4803269
2021-11-16,1140.4,1162.01,1188.36,1151.44,1187.0,11337581
2021-11-17,1115.99,1137.14,1153.27,1135.75,1153.27,10202029
2021-11-18,1120.2,1141.43,1148.67,1130.7,1135.29,8505625
2021-11-22,1070.58,1090.87,1130.21,1084.99,1124.26,24124307
2021-11-23,1080.59,1101.07,1108.18,1065.6,1076.7,25326999
2021-11-24,1064.99,1085.17,1112.17,1081.55,1098.37,16820296
2021-11-25,1129.1,1150.5,1154.67,1087.82,1095.14,42401936
2021-11-26,1092.71,1113.41,1143.41,1108.29,1138.89,15763138
2021-11-29,1105.8,1126.75,1153.75,1107.18,1125.64,24325354
2021-11-30,1089.45,1110.09,1142.63,1102.45,1138.98,32172299
2021-12-01,1117.35,1138.52,1141.75,1119.18,1122.83,10104610
2021-12-02,1124.53,1145.83,1152.0,1136.03,1139.77,12720411
2021-12-03,1090.74,1111.41,1153.06,1107.6,1153.01,19222481
2021-12-06,1070.06,1090.34,1119.14,1087.82,1114.98,10332254
2021-12-07,1078.78,1099.22,1109.45,1089.14,1096.59,11235122
2021-12-08,1095.2,1115.95,1122.28,1110.51,1118.72,8744178
2021-12-09,1112.57,1133.65,1142.17,1119.14,1123.75,13213547
2021-12-10,1113.7,1134.81,1138.06,1121.61,1126.17,8364414
2021-12-13,1091.37,1112.05,1141.8,1109.45,1141.52,12901733
2021-12-14,1078.01,1098.44,1110.37,1095.32,1098.37,12991523
2021-12-15,1074.86,1095.23,1109.91,1089.65,1100.22,9366969
2021-12-16,1088.77,1109.4,1114.75,1093.13,1110.23,9761279
2021-12-17,1060.03,1080.12,1111.29,1070.68,1106.7,21049821
2021-12-20,1031.45,1051.0,1069.69,1037.04,1069.69,14325846
2021-12-21,1046.81,1066.64,1082.68,1057.85,1066.69,12836561
2021-12-22,1071.65,1091.95,1094.63,1071.6,1072.94,17658543
2021-12-23,1071.26,1091.56,1098.37,1088.24,1095.6,9072401
2021-12-24,1074.68,1095.05,1103.91,1078.78,1093.75,7886494
2021-12-27,1073.53,1093.87,1097.45,1083.65,1089.85,4017223
2021-12-28,1086.28,1106.86,1109.84,1095.16,1096.34,6374613
2021-12-29,1088.14,1108.75,1116.37,1099.34,1103.45,15425312
2021-12-30,1068.48,1088.72,1109.88,1082.49,1107.6,29333171
2021-12-31,1072.58,1092.9,1100.17,1089.14,1095.14,9477290
2022-01-03,1088.75,1109.38,1111.27,1090.78,1091.45,5421611
2022-01-04,1113.32,1134.41,1135.75,1109.45,1114.94,10847728
2022-01-05,1118.53,1139.72,1143.14,1122.81,1136.21,11643813
2022-01-06,1094.48,1115.21,1132.52,1111.75,1131.23,14447422
2022-01-07,1103.31,1124.21,1134.39,1112.93,1121.88,13112115
2022-01-10,1104.21,1125.14,1133.91,1115.01,1131.6,9246731
2022-01-11,1112.16,1133.24,1142.19,1123.75,1124.21,16205164
2022-01-12,1141.85,1163.49,1165.26,1137.6,1140.5,14800442
2022-01-13,1148.28,1170.04,1172.67,1157.63,1163.56,11856712
2022-01-14,1149.96,1171.75,1184.81,1165.68,1169.9,19930176
2022-01-17,1155.96,1177.86,1183.75,1170.83,1171.29,8036453
2022-01-18,1142.17,1163.81,1182.52,1161.02,1179.02,6215029
2022-01-19,1142.08,1163.72,1173.13,1157.9,1167.59,9755485
2022-01-20,1122.08,1143.34,1158.34,1132.98,1153.77,16494486
2022-01-21,1122.26,1143.53,1154.79,1131.6,1131.6,13338594
2022-01-24,1076.99,1097.4,1155.94,1086.88,1142.21,21868937
2022-01-25,1074.89,1095.25,1102.36,1063.76,1084.32,24510205
2022-01-27,1058.97,1079.03,1087.34,1066.55,1078.06,20020431
2022-01-28,1057.95,1077.99,1096.48,1074.56,1091.45,14667727
2022-01-31,1080.93,1101.42,1110.55,1087.39,1089.23,12143683
2022-02-01,1077.36,1097.77,1117.11,1083.19,1111.29,13200509
2022-02-02,1079.55,1100.01,1110.83,1096.11,1110.83,10017691
2022-02-03,1065.6,1085.79,1108.27,1083.23,1103.91,9572839
2022-02-04,1055.89,1075.89,1083.81,1071.19,1080.37,11061241
2022-02-07,1049.46,1069.34,1087.66,1063.76,1080.83,10714467
2022-02-08,1067.1,1087.32,1089.14,1066.06,1075.59,12060849
2022-02-09,1079.53,1099.98,1101.69,1088.22,1094.29,11486225
2022-02-10,1078.42,1098.85,1105.62,1091.49,1105.62,12464491
2022-02-11,1076.31,1096.71,1100.45,1081.8,1095.25,15943370
2022-02-14,1059.17,1079.24,1086.81,1067.45,1080.03,10719633
2022-02-15,1095.13,1115.88,1118.63,1077.93,1085.08,11212671
2022-02-16,1092.87,1113.58,1122.83,1105.73,1121.44,10392840
2022-02-17,1106.7,1127.67,1132.94,1112.21,1116.88,12853252
2022-02-18,1098.05,1118.86,1133.63,1116.9,1128.09,6775458
2022-02-21,1086.96,1107.55,1124.91,1100.49,1113.14,11107193
2022-02-22,1082.02,1102.52,1105.71,1083.21,1085.86,13494914
2022-02-23,1075.25,1095.62,1110.62,1092.83,1108.11,7310110
2022-02-24,1021.67,1041.03,1079.86,1035.33,1063.76,24846650
2022-02-25,1034.44,1054.04,1065.12,1050.49,1052.27,14570089
2022-02-28,1068.68,1088.93,1092.53,1035.14,1035.14,21297446
2022-03-02,1086.35,1106.93,1108.06,1074.93,1077.35,21471786
2022-03-03,1077.17,1097.59,1114.45,1093.78,1107.6,10186748
2022-03-04,1053.28,1073.24,1091.12,1070.84,1085.91,10805667
2022-03-07,1014.33,1033.55,1067.03,1025.45,1051.62,17983310
2022-03-08,1012.5,1031.68,1036.53,1006.07,1020.61,21289374
2022-03-09,1066.21,1086.42,1092.37,1031.06,1031.91,20414228
2022-03-10,1083.49,1104.02,1109.91,1089.14,1107.6,17980493
2022-03-11,1086.62,1107.21,1112.68,1096.55,1096.55,12257423
2022-03-14,1095.54,1116.3,1118.86,1095.6,1101.55,8340678
2022-03-15,1070.45,1090.73,1120.5,1080.3,1120.5,15925769
2022-03-16,1088.52,1109.15,1111.25,1097.03,1099.29,11149828
2022-03-17,1124.01,1145.3,1152.55,1114.57,1122.71,21422098
2022-03-21,1117.53,1138.7,1146.37,1125.6,1127.91,11999466
2022-03-22,1146.4,1168.13,1169.88,1132.34,1135.34,22557065
2022-03-23,1150.05,1171.84,1183.68,1164.36,1164.36,15462187
2022-03-24,1167.92,1190.05,1192.58,1158.36,1158.36,13168266
2022-03-25,1175.71,1197.98,1207.28,1189.29,1191.82,14222488
2022-03-28,1187.53,1210.03,1213.63,1193.67,1204.51,9891424
2022-03-29,1187.8,1210.31,1217.44,1203.31,1217.44,8684065
2022-03-30,1210.63,1233.57,1240.51,1207.79,1218.31,15811550
2022-03-31,1193.33,1215.94,1232.07,1213.1,1229.87,13223718
2022-04-01,1202.88,1225.67,1229.97,1210.05,1216.51,7922880
2022-04-04,1206.44,1229.3,1234.51,1219.12,1225.49,7929162
2022-04-05,1189.39,1211.92,1232.16,1209.45,1223.48,13149870
2022-04-06,1186.21,1208.69,1215.82,1193.95,1193.95,12257215
2022-04-07,1165.29,1187.37,1202.67,1184.67,1197.64,15496499
2022-04-08,1184.67,1207.12,1211.44,1181.44,1181.44,15152495
2022-04-11,1182.21,1204.61,1217.69,1192.05,1199.9,9254209
2022-04-12,1159.95,1181.92,1201.1,1179.32,1193.9,13217742
2022-04-13,1155.69,1177.59,1196.48,1174.75,1188.13,10354235
2022-04-18,1152.16,1173.99,1181.35,1163.81,1168.98,9974224
2022-04-19,1196.07,1218.73,1231.28,1177.31,1180.52,26141820
2022-04-20,1231.23,1254.56,1261.74,1222.56,1226.25,25072240
2022-04-21,1260.06,1283.94,1287.12,1260.82,1269.54,21708633
2022-04-22,1249.51,1273.19,1293.12,1266.45,1273.23,15054154
2022-04-25,1220.61,1243.74,1273.0,1229.27,1265.62,17063215
2022-04-26,1257.14,1280.96,1289.89,1249.6,1250.66,12227666
2022-04-27,1258.36,1282.21,1305.12,1271.46,1271.82,19338945
2022-04-28,1277.16,1301.36,1315.74,1285.78,1296.79,25614076
2022-04-29,1263.75,1287.7,1318.11,1281.72,1318.11,18214862
2022-05-02,1259.32,1283.18,1294.74,1272.84,1274.66,9467006
2022-05-04,1220.0,1243.12,1287.58,1235.11,1285.28,19247660
2022-05-05,1196.11,1218.77,1259.89,1214.67,1256.89,17210669
2022-05-06,1186.94,1209.43,1227.13,1196.92,1205.53,19649948
2022-05-09,1140.58,1162.2,1198.56,1156.98,1188.34,18083752
2022-05-10,1120.81,1142.05,1166.03,1134.37,1151.44,19511677
2022-05-11,1109.33,1130.35,1146.8,1117.73,1141.13,16643899
2022-05-12,1086.73,1107.32,1123.68,1093.75,1120.29,20490321
2022-05-13,1099.05,1119.88,1143.6,1114.68,1119.6,19308778
2022-05-16,1099.32,1120.15,1144.98,1115.28,1123.5,13437911
2022-05-17,1145.5,1167.2,1172.16,1122.37,1123.8,16551828
2022-05-18,1149.66,1171.45,1186.05,1157.56,1172.05,17276788
2022-05-19,1123.17,1144.45,1159.52,1138.08,1146.37,14699118
2022-05-20,1188.66,1211.18,1220.39,1154.67,1159.52,21793091
2022-05-23,1180.71,1203.08,1224.61,1196.67,1214.44,15252755
2022-05-24,1184.77,1207.21,1217.44,1198.84,1203.13,13527818
2022-05-25,1183.02,1205.44,1226.07,1200.59,1216.05,12714544
2022-05-26,1171.74,1193.95,1216.01,1175.9,1211.16,17882023
2022-05-27,1166.31,1188.41,1202.28,1172.26,1196.69,16521973
2022-05-30,1206.94,1229.8,1234.05,1197.22,1206.82,13853398
2022-05-31,1192.37,1214.97,1236.27,1207.15,1219.01,70620653
2022-06-01,1192.76,1215.36,1225.37,1207.38,1215.73,9776989
2022-06-02,1233.88,1257.26,1261.03,1215.59,1215.59,22126569
2022-06-03,1258.89,1282.74,1300.21,1265.43,1266.36,23939791
2022-06-06,1253.47,1277.22,1298.66,1269.96,1282.97,11093152
2022-06-07,1255.83,1279.62,1288.09,1270.07,1278.31,12358255
2022-06-08,1233.77,1257.15,1283.43,1253.57,1279.62,12479250
2022-06-09,1267.6,1291.62,1293.58,1250.66,1250.66,17278305
2022-06-10,1229.33,1252.63,1287.54,1246.74,1279.23,18093057
2022-06-13,1206.08,1228.93,1233.5,1207.42,1222.97,17620803
2022-06-14,1190.31,1212.87,1233.06,1206.11,1223.0,14714312
2022-06-15,1175.91,1198.19,1217.11,1192.7,1208.0,11195535
2022-06-16,1159.47,1181.44,1227.15,1178.67,1210.51,17111475
2022-06-17,1173.06,1195.28,1211.37,1179.64,1181.44,24457187
2022-06-20,1151.79,1173.62,1207.79,1163.49,1202.21,12066797
2022-06-21,1170.39,1192.56,1196.85,1166.81,1181.44,11720049
2022-06-22,1134.83,1156.33,1180.66,1154.21,1180.56,10617206
2022-06-23,1116.42,1137.57,1165.29,1128.37,1160.7,19446323
2022-06-24,1132.32,1153.77,1158.83,1138.98,1144.52,14240234
2022-06-27,1128.97,1150.36,1174.49,1145.23,1174.49,15474529
2022-06-28,1144.84,1166.53,1169.42,1145.49,1145.49,13572847
2022-06-29,1168.6,1190.74,1198.52,1154.21,1157.07,19205146
2022-06-30,1175.62,1197.89,1207.24,1184.21,1190.67,23112959
2022-07-01,1090.94,1111.61,1196.21,1091.45,1188.32,81997149
2022-07-04,1093.21,1113.92,1126.98,1091.95,1097.89,41857728
2022-07-05,1102.06,1122.94,1137.55,1115.49,1118.21,17647327
2022-07-06,1092.37,1113.07,1126.96,1102.06,1116.88,23943726
2022-07-07,1081.61,1102.11,1122.94,1096.06,1119.55,23301033
2022-07-08,1083.11,1103.63,1115.91,1099.55,1115.91,19010108
2022-07-11,1097.83,1118.63,1120.89,1093.75,1096.75,13847467
2022-07-12,1096.27,1117.04,1125.92,1109.45,1109.45,10778989
2022-07-13,1076.83,1097.24,1123.29,1095.14,1120.2,14224132
2022-07-14,1085.71,1106.28,1123.27,1096.96,1102.06,16970315
2022-07-15,1087.82,1108.43,1114.52,1099.8,1114.52,9603210
2022-07-18,1097.08,1117.87,1119.14,1104.05,1117.29,15160908
2022-07-19,1103.81,1124.72,1129.29,1107.74,1107.74,16439888
2022-07-20,1133.65,1155.13,1173.36,1147.4,1172.21,23924246
2022-07-21,1126.09,1147.43,1153.75,1138.66,1150.98,16523230
2022-07-22,1133.7,1155.18,1161.27,1151.44,1153.75,10969995
2022-07-25,1096.24,1117.01,1138.73,1108.98,1138.73,23110452
2022-07-26,1096.74,1117.52,1127.86,1112.84,1117.34,11303288
2022-07-27,1095.7,1116.46,1120.06,1108.52,1116.81,8655086
2022-07-28,1112.86,1133.95,1138.96,1117.29,1124.21,12496073
2022-07-29,1136.57,1158.11,1161.64,1137.14,1142.07,15130683
2022-08-01,1166.2,1188.29,1194.25,1157.26,1162.59,15700044
2022-08-02,1170.63,1192.82,1203.5,1182.15,1187.21,13917913
2022-08-03,1180.46,1202.83,1204.51,1184.88,1199.9,14250977
2022-08-04,1164.86,1186.93,1208.09,1169.9,1204.51,14467127
2022-08-05,1147.69,1169.44,1190.12,1166.19,1188.82,13942438
2022-08-08,1162.71,1184.74,1192.31,1168.06,1168.06,10165178
2022-08-10,1169.66,1191.82,1195.24,1180.08,1189.24,10724688
2022-08-11,1173.56,1195.79,1204.47,1190.76,1201.33,8198226
2022-08-12,1192.53,1215.13,1218.98,1191.68,1195.42,12650587
2022-08-16,1200.82,1223.57,1226.34,1212.5,1221.22,6607378
2022-08-17,1207.09,1229.97,1235.39,1225.54,1229.9,6595965
2022-08-18,1209.28,1228.19,1231.74,1218.45,1227.59,7410035
2022-08-19,1187.72,1206.29,1228.37,1202.18,1222.97,9460724
2022-08-22,1184.43,1202.95,1214.34,1193.44,1207.75,9471680
2022-08-23,1202.69,1221.5,1224.45,1195.91,1197.13,9678484
2022-08-24,1199.49,1218.24,1232.2,1216.21,1218.41,10369622
2022-08-25,1195.99,1214.69,1228.93,1210.33,1222.49,7871946
2022-08-26,1189.61,1208.21,1222.97,1203.13,1215.13,10742038
2022-08-29,1180.36,1198.82,1225.28,1189.77,1192.98,19838975
2022-08-30,1198.67,1217.41,1220.78,1189.1,1206.36,23139054
2022-09-01,1163.43,1181.62,1202.18,1177.15,1191.89,19909939
2022-09-02,1149.85,1167.83,1188.52,1165.61,1181.62,12999345
2022-09-05,1167.71,1185.96,1191.36,1168.06,1168.06,11327815
2022-09-06,1180.0,1198.45,1202.67,1186.98,1187.44,10899618
2022-09-07,1173.14,1191.48,1197.55,1186.05,1188.36,7488501
2022-09-08,1174.79,1193.16,1198.98,1186.52,1194.48,7057077
2022-09-09,1167.48,1185.73,1204.51,1183.29,1204.51,8314850
2022-09-12,1180.54,1199.0,1205.44,1186.31,1186.31,7435419
2022-09-13,1190.4,1209.01,1213.61,1200.36,1208.21,8888657
2022-09-14,1176.14,1194.52,1204.51,1187.32,1188.36,8678219
2022-09-15,1164.48,1182.69,1201.54,1179.94,1192.05,10365600
2022-09-16,1135.63,1153.38,1178.21,1149.6,1173.94,20217708
2022-09-19,1137.1,1154.88,1164.23,1145.14,1153.38,7580254
2022-09-20,1137.28,1155.06,1171.15,1151.3,1164.11,8411448
2022-09-21,1140.42,1158.25,1168.98,1151.44,1152.25,9207309
2022-09-22,1129.67,1147.33,1155.13,1140.87,1147.29,10308170
2022-09-23,1108.5,1125.83,1151.88,1124.26,1146.83,9528051
2022-09-26,1080.26,1097.15,1115.81,1096.13,1104.85,12479523
2022-09-27,1088.85,1105.87,1119.6,1089.19,1104.83,16154822
2022-09-28,1059.86,1076.43,1097.45,1073.96,1089.3,16997059
2022-09-29,1056.61,1073.13,1092.6,1067.45,1089.14,14671827
2022-09-30,1080.44,1097.33,1108.52,1066.53,1066.53,18613024
2022-10-03,1076.69,1093.52,1115.42,1090.52,1103.68,11852723
2022-10-04,1096.55,1113.69,1115.91,1103.05,1106.58,8948850
2022-10-06,1100.59,1117.8,1130.67,1115.98,1120.98,13352162
2022-10-07,1105.25,1122.53,1127.86,1114.36,1114.36,7714340
2022-10-10,1093.19,1110.28,1115.72,1102.06,1109.91,6329527
2022-10-11,1071.42,1088.17,1114.06,1085.03,1114.06,9215177
2022-10-12,1079.3,1096.18,1099.15,1081.34,1085.45,7417103
2022-10-13,1082.73,1099.66,1104.83,1089.19,1094.4,7328492
2022-10-14,1077.24,1094.08,1115.15,1093.34,1114.52,9106089
2022-10-17,1094.53,1111.64,1114.06,1081.57,1086.83,16729355
2022-10-18,1113.84,1131.25,1136.67,1116.9,1117.75,12415820
2022-10-19,1133.22,1150.93,1166.6,1126.84,1132.75,19247142
2022-10-20,1136.26,1154.03,1162.52,1146.83,1146.83,8717053
2022-10-21,1123.08,1140.64,1161.5,1138.52,1157.3,8243452
2022-10-24,1126.83,1144.45,1154.9,1133.12,1135.29,3370033
2022-10-25,1109.43,1126.77,1153.29,1125.14,1153.29,12233241
2022-10-27,1113.79,1131.21,1139.19,1122.74,1134.37,12513059
2022-10-28,1147.87,1165.82,1169.9,1135.04,1137.6,17609592
2022-10-31,1158.53,1176.64,1181.88,1168.61,1172.67,12419943
2022-11-01,1149.55,1167.53,1199.9,1157.44,1199.9,13963166
2022-11-02,1156.73,1174.82,1176.92,1160.67,1168.66,8981896
2022-11-03,1161.05,1179.2,1181.23,1165.31,1167.53,6693449
2022-11-04,1178.13,1196.55,1199.9,1177.33,1178.62,12575815
2022-11-07,1184.43,1202.95,1204.65,1187.9,1195.75,11789748
2022-11-09,1183.25,1201.75,1210.03,1195.31,1204.65,11254205
2022-11-10,1168.93,1187.21,1198.31,1182.82,1195.28,5966242
2022-11-11,1195.88,1214.58,1216.51,1194.36,1199.9,12310132
2022-11-14,1190.09,1208.69,1219.28,1202.28,1214.09,9043112
2022-11-15,1184.75,1203.27,1212.08,1195.28,1210.19,7086433
2022-11-16,1177.95,1196.37,1207.26,1191.29,1204.51,9716161
2022-11-17,1181.0,1199.46,1205.9,1190.67,1192.95,6661451
2022-11-18,1180.36,1198.82,1204.05,1186.56,1203.01,5303197
2022-11-21,1159.12,1177.24,1194.36,1173.64,1194.36,6390268
2022-11-22,1165.55,1183.77,1185.36,1170.59,1174.52,6611488
2022-11-23,1161.91,1180.08,1189.7,1177.86,1188.36,6413408
2022-11-24,1171.93,1190.25,1197.13,1175.99,1184.21,9389439
2022-11-25,1189.43,1208.02,1211.39,1191.64,1194.82,7349922
2022-11-28,1230.3,1249.53,1255.76,1154.67,1204.01,31527484
2022-11-29,1232.41,1251.68,1260.66,1243.28,1247.87,11058913
2022-11-30,1241.11,1260.52,1267.02,1245.22,1251.82,26164986
2022-12-01,1237.46,1256.8,1271.43,1253.43,1265.34,9485801
2022-12-02,1236.93,1256.27,1268.2,1246.33,1259.89,11589592
2022-12-05,1218.89,1237.95,1253.78,1235.9,1251.59,14828536
2022-12-06,1222.42,1241.53,1244.67,1228.05,1229.94,8594245
2022-12-07,1204.38,1223.21,1243.74,1219.35,1239.13,8462111
2022-12-08,1203.81,1222.63,1229.9,1218.41,1227.59,7757008
2022-12-09,1185.56,1204.1,1227.59,1200.75,1221.13,12655763
2022-12-12,1187.38,1205.95,1210.51,1192.98,1193.21,9479842
2022-12-13,1192.79,1211.44,1215.13,1202.99,1205.95,8333348
2022-12-14,1188.47,1207.05,1217.88,1204.98,1217.28,7268947
2022-12-15,1171.59,1189.91,1206.82,1186.52,1201.05,8688551
2022-12-16,1165.8,1184.02,1208.58,1180.59,1186.52,15837349
2022-12-19,1181.11,1199.58,1201.75,1184.53,1191.13,7729933
2022-12-20,1191.33,1209.96,1211.9,1184.21,1192.47,7467588
2022-12-21,1174.39,1192.75,1215.13,1188.87,1209.59,8527550
2022-12-22,1171.34,1189.65,1202.05,1184.55,1198.98,7451122
2022-12-23,1136.99,1154.76,1195.52,1150.17,1182.96,10257115
2022-12-26,1146.92,1164.85,1173.13,1150.24,1160.56,5990242
2022-12-27,1156.3,1174.38,1176.27,1160.79,1167.59,5763271
2022-12-28,1156.19,1174.26,1176.73,1163.67,1171.29,7459393
2022-12-29,1155.66,1173.73,1176.32,1165.52,1166.21,6930648
2022-12-30,1157.44,1175.53,1189.29,1172.72,1174.56,7289476
2023-01-02,1170.48,1188.78,1190.21,1175.99,1176.82,5316175
2023-01-03,1161.91,1180.08,1187.44,1175.81,1183.77,7658932
2023-01-04,1144.42,1162.31,1181.92,1160.21,1180.06,9264891
2023-01-05,1142.37,1160.23,1170.55,1155.6,1164.59,13637099
2023-01-06,1152.76,1170.78,1175.88,1162.2,1166.05,6349597
2023-01-09,1179.97,1198.42,1200.82,1173.76,1174.66,10722753
2023-01-10,1162.53,1180.7,1202.67,1174.98,1202.67,8047142
2023-01-11,1147.87,1165.82,1180.52,1163.49,1177.98,11509553
2023-01-12,1123.08,1140.64,1168.75,1137.6,1165.22,17688773
2023-01-13,1121.27,1138.8,1141.24,1123.57,1134.55,20618583
2023-01-16,1110.59,1127.95,1144.36,1120.06,1141.15,13623855
2023-01-17,1126.36,1143.97,1145.9,1130.95,1134.37,10751000
2023-01-18,1124.49,1142.07,1149.64,1135.45,1141.52,13448286
2023-01-19,1123.29,1140.85,1145.05,1133.74,1141.24,11940054
2023-01-20,1109.93,1127.28,1142.21,1124.79,1142.21,14930286
2023-01-23,1104.32,1121.58,1138.15,1119.14,1130.21,10954118
2023-01-24,1097.8,1114.96,1127.74,1101.76,1126.06,16488755
2023-01-25,1082.62,1099.55,1114.38,1098.37,1113.35,12385018
2023-01-27,1062.08,1078.69,1101.76,1066.83,1100.4,25830975
2023-01-30,1072.26,1089.02,1094.63,1061.91,1076.08,21772103
2023-01-31,1069.58,1086.3,1101.9,1080.37,1099.29,22691594
2023-02-01,1063.24,1079.86,1098.35,1063.76,1098.35,19347800
2023-02-02,1057.36,1073.89,1083.6,1066.53,1069.76,13662663
2023-02-03,1058.29,1074.83,1084.06,1058.22,1084.06,24699575
2023-02-06,1050.31,1066.73,1071.14,1064.13,1068.37,14837879
2023-02-07,1047.79,1064.17,1074.09,1058.22,1066.99,15135435
2023-02-08,1068.72,1085.42,1089.09,1064.68,1067.45,21160332
2023-02-09,1070.58,1087.32,1094.15,1077.14,1086.12,13172763
2023-02-10,1061.76,1078.36,1086.79,1071.28,1086.79,10790445
2023-02-13,1055.72,1072.23,1084.52,1067.7,1080.0,10352493
2023-02-14,1080.6,1097.49,1099.25,1072.36,1075.27,14321920
2023-02-15,1105.07,1122.34,1124.77,1095.14,1096.52,33503591
2023-02-16,1104.2,1121.47,1137.04,1119.16,1130.42,17264487
2023-02-17,1108.82,1126.15,1129.52,1112.49,1116.83,11809520
2023-02-20,1097.09,1114.25,1130.56,1112.26,1128.37,8836937
2023-02-21,1106.04,1123.34,1129.2,1113.3,1118.68,13311592
2023-02-22,1080.96,1097.86,1121.44,1096.09,1119.58,11024335
2023-02-23,1075.78,1092.6,1105.18,1089.76,1097.45,9851910
2023-02-24,1083.14,1100.08,1105.82,1092.83,1094.68,9434053
2023-02-27,1075.94,1092.76,1102.82,1085.31,1099.29,11199715
2023-02-28,1055.36,1071.86,1092.37,1067.75,1087.34,21994038
2023-03-01,1065.06,1081.71,1082.45,1072.18,1081.76,11551145
2023-03-02,1056.95,1073.47,1085.29,1071.42,1078.53,9333535
2023-03-03,1083.92,1100.86,1104.58,1080.62,1084.13,14643807
2023-03-06,1094.5,1111.61,1118.95,1107.6,1107.6,10171916
2023-03-08,1098.43,1115.61,1116.37,1100.68,1111.61,15782657
2023-03-09,1072.03,1088.79,1115.4,1086.88,1114.98,16235128
2023-03-10,1055.42,1071.93,1081.76,1068.4,1080.6,13334091
2023-03-13,1038.07,1054.3,1081.76,1049.91,1074.83,12771592
2023-03-14,1034.18,1050.35,1063.73,1047.17,1052.22,16027522
2023-03-15,1016.51,1032.4,1060.67,1027.94,1054.11,21728555
2023-03-16,1011.44,1027.25,1040.22,1016.31,1035.14,18363159
2023-03-17,1010.17,1025.96,1039.27,1021.16,1035.95,34014213
2023-03-20,1000.24,1015.88,1024.53,1006.07,1022.22,19524589
2023-03-21,1031.34,1047.47,1049.45,1023.15,1024.05,21400360
2023-03-22,1034.48,1050.65,1057.5,1047.6,1054.53,10920094
2023-03-23,1021.39,1037.36,1047.56,1035.17,1046.68,16249370
2023-03-24,1001.17,1016.82,1038.37,1014.38,1036.18,12375945
2023-03-27,1016.73,1032.63,1040.22,1015.39,1023.38,14054323
2023-03-28,1021.48,1037.45,1041.37,1032.38,1036.07,12576424
2023-03-29,1015.44,1031.31,1035.97,1020.42,1033.3,18804065
2023-03-31,1059.22,1075.78,1081.5,1040.54,1040.68,28171201
2023-04-03,1059.4,1075.96,1084.06,1068.37,1082.22,10293043
2023-04-05,1056.86,1073.38,1083.6,1065.4,1083.6,16262928
2023-04-06,1063.94,1080.58,1086.37,1069.83,1069.83,18435046
2023-04-10,1056.4,1072.92,1084.71,1071.39,1084.52,12961408
2023-04-11,1061.63,1078.23,1080.37,1072.55,1077.14,10542367
2023-04-12,1066.31,1082.98,1092.74,1075.32,1078.23,18179087
2023-04-13,1070.33,1087.06,1091.82,1080.83,1085.91,12378208
2023-04-17,1075.76,1092.58,1119.11,1084.09,1119.11,17929479
2023-04-18,1063.44,1080.07,1096.99,1073.45,1096.99,10405576
2023-04-19,1068.74,1085.45,1088.17,1076.31,1079.47,12273475
2023-04-20,1066.03,1082.7,1088.68,1076.26,1086.42,7007330
2023-04-21,1067.38,1084.06,1089.6,1078.25,1084.82,7647317
2023-04-24,1071.47,1088.22,1098.78,1083.6,1096.06,12936186
2023-04-25,1079.67,1096.55,1098.65,1084.76,1091.91,9236126
2023-04-26,1073.33,1090.11,1101.18,1086.39,1097.91,8617834
2023-04-27,1080.12,1097.01,1100.22,1090.99,1096.06,9167125
2023-04-28,1099.86,1117.06,1118.63,1099.18,1099.29,15565210
2023-05-02,1109.2,1126.54,1128.74,1120.57,1124.31,12981805
2023-05-03,1099.68,1116.88,1128.37,1113.62,1128.37,7061872
2023-05-04,1112.36,1129.75,1131.99,1114.34,1117.36,8635233
2023-05-05,1109.52,1126.87,1135.91,1124.21,1126.52,8746585
2023-05-08,1123.22,1140.78,1146.2,1127.97,1130.67,9153782
2023-05-09,1126.7,1144.31,1147.66,1136.79,1142.21,6464721
2023-05-10,1134.44,1152.18,1153.68,1145.07,1149.13,10872255
2023-05-11,1127.04,1144.66,1158.13,1142.93,1153.27,10557860
2023-05-12,1128.88,1146.53,1147.93,1133.67,1139.81,6955341
2023-05-15,1131.1,1148.79,1155.85,1141.36,1149.09,6833343
2023-05-16,1115.0,1132.43,1153.56,1130.74,1150.98,8717229
2023-05-17,1108.41,1125.74,1137.6,1120.98,1136.67,8798967
2023-05-18,1106.02,1123.31,1133.91,1120.13,1130.47,10525531
2023-05-19,1109.61,1126.96,1128.81,1116.3,1123.31,8050447
2023-05-22,1115.54,1132.98,1138.06,1122.53,1123.75,7434906
2023-05-23,1115.34,1132.77,1138.98,1131.34,1135.59,6092034
2023-05-24,1108.84,1126.17,1137.14,1123.04,1128.78,8112254
2023-05-25,1108.7,1126.04,1130.21,1115.01,1123.24,11487863
2023-05-26,1138.94,1156.75,1157.9,1131.02,1134.37,12626260
2023-05-29,1145.35,1163.26,1167.59,1157.07,1163.44,10010304
2023-05-30,1145.05,1162.96,1171.15,1160.37,1163.26,11342504
2023-05-31,1122.31,1139.86,1158.3,1135.75,1153.75,27107927
2023-06-01,1119.29,1136.79,1146.78,1134.37,1144.59,14592692
2023-06-02,1115.63,1133.07,1145.83,1131.14,1140.37,15800644
2023-06-05,1125.65,1143.25,1146.25,1134.57,1138.61,10908682
2023-06-06,1126.61,1144.22,1148.07,1136.21,1146.11,7493309
2023-06-07,1135.15,1152.9,1153.75,1141.1,1147.75,10312545
2023-06-08,1135.83,1153.59,1161.53,1149.6,1156.52,12071109
2023-06-09,1127.79,1145.42,1157.7,1143.6,1156.98,5877018
2023-06-12,1128.79,1146.43,1148.77,1137.6,1142.44,6391969
2023-06-13,1145.46,1163.37,1164.57,1147.4,1151.44,11248016
2023-06-14,1159.55,1177.68,1179.13,1161.6,1163.44,13277380
2023-06-15,1159.87,1178.0,1182.62,1170.13,1177.66,11813494
2023-06-16,1171.16,1189.47,1191.78,1181.53,1181.53,24171579
2023-06-19,1159.53,1177.66,1192.52,1173.43,1192.52,6798554
2023-06-20,1161.94,1180.1,1183.29,1169.9,1175.69,6921096
2023-06-21,1165.21,1183.42,1185.99,1175.9,1180.06,6961603
2023-06-22,1152.12,1170.13,1187.58,1168.52,1179.59,7619166
2023-06-23,1142.69,1160.56,1169.16,1159.29,1167.09,6628570
2023-06-26,1133.97,1151.7,1160.86,1148.53,1156.98,12641159
2023-06-27,1134.38,1152.11,1158.13,1147.59,1152.16,9689466
2023-06-28,1149.39,1167.36,1171.22,1152.76,1159.75,11354006
2023-06-30,1158.82,1176.94,1179.89,1169.19,1175.16,11151555
2023-07-03,1188.56,1207.15,1210.05,1179.29,1180.54,12154387
2023-07-04,1176.32,1194.71,1211.44,1187.55,1211.44,8061643
2023-07-05,1174.39,1192.75,1204.05,1188.73,1204.05,10248062
2023-07-06,1199.04,1217.78,1220.41,1188.85,1188.85,19117987
2023-07-07,1196.7,1215.41,1229.87,1212.82,1216.05,13375267
2023-07-10,1242.79,1262.23,1271.89,1234.51,1240.93,33240016
2023-07-11,1256.27,1275.91,1278.35,1263.4,1270.46,20069348
2023-07-12,1257.65,1277.32,1293.12,1274.5,1276.65,18733835
2023-07-13,1246.41,1265.89,1291.74,1263.24,1284.77,14682934
2023-07-14,1245.36,1264.83,1274.15,1257.63,1269.12,15124144
2023-07-17,1270.81,1290.68,1299.15,1258.97,1267.74,22220040
2023-07-18,1281.6,1301.64,1309.48,1288.97,1300.05,25867313
2023-07-19,1291.32,1311.51,1318.04,1290.82,1306.04,39122156
2023-07-20,1289.76,1309.93,1315.47,1290.0,1290.0,38717624
2023-07-21,1249.83,1269.38,1307.45,1261.8,1304.5,30249238
2023-07-24,1224.55,1243.7,1257.47,1234.65,1240.5,23727866
2023-07-25,1223.77,1242.9,1252.6,1240.0,1247.0,12026020
2023-07-26,1243.66,1263.1,1273.5,1242.5,1242.5,12911012
2023-07-27,1232.09,1251.35,1268.82,1245.18,1267.03,17226898
2023-07-28,1244.47,1263.93,1271.43,1250.28,1256.03,20827852
2023-07-31,1255.0,1274.62,1276.95,1258.97,1263.93,8551174
2023-08-01,1237.26,1256.6,1279.5,1252.65,1277.5,9536632
2023-08-02,1224.04,1243.18,1256.0,1231.8,1254.6,12748214
2023-08-03,1218.89,1237.95,1250.45,1229.03,1237.65,10168350
2023-08-04,1235.46,1254.78,1258.0,1235.8,1249.4,22885610
2023-08-07,1242.5,1261.93,1264.2,1252.5,1260.5,5982870
2023-08-08,1235.02,1254.32,1267.22,1249.78,1264.0,9844072
2023-08-09,1243.16,1262.6,1264.5,1240.55,1252.43,11486586
2023-08-10,1248.7,1268.22,1275.0,1254.22,1262.47,15470598
2023-08-11,1253.97,1273.57,1279.43,1256.18,1266.22,22179330
2023-08-14,1268.79,1288.62,1291.15,1262.5,1269.5,9575812
2023-08-16,1267.75,1287.57,1291.4,1275.5,1275.5,10203112
2023-08-17,1249.47,1269.0,1289.05,1266.43,1283.55,13673744
2023-08-18,1258.72,1278.4,1288.8,1254.28,1265.62,18639978
2023-08-21,1244.99,1260.0,1277.72,1257.82,1269.97,9221746
2023-08-22,1244.69,1259.7,1268.97,1249.5,1258.45,7713044
2023-08-23,1246.07,1261.1,1271.43,1258.47,1262.1,9517952
2023-08-24,1225.13,1239.9,1269.95,1235.5,1269.95,14140020
2023-08-25,1219.47,1234.18,1252.5,1221.3,1228.0,22222400
2023-08-28,1207.32,1221.88,1242.0,1215.55,1236.0,12580826
2023-08-29,1195.76,1210.18,1226.72,1204.07,1226.03,16876644
2023-08-30,1194.62,1209.03,1221.5,1207.5,1216.0,12168946
2023-08-31,1189.16,1203.5,1212.5,1199.95,1211.5,21638600
2023-09-01,1191.95,1206.32,1212.82,1200.82,1203.28,18112842
2023-09-04,1190.99,1205.35,1211.82,1202.65,1206.32,9347626
2023-09-05,1197.36,1211.8,1216.97,1206.22,1210.0,8675876
2023-09-06,1199.88,1214.35,1218.07,1208.62,1210.55,8200370
2023-09-07,1201.51,1216.0,1219.12,1205.5,1210.85,13652572
2023-09-08,1209.51,1224.1,1228.0,1211.47,1220.0,23109288
2023-09-11,1222.56,1237.3,1238.43,1226.0,1226.0,13271074
2023-09-12,1204.89,1219.43,1241.5,1217.97,1241.5,16255666
2023-09-13,1210.92,1225.53,1231.32,1213.12,1220.0,12803338
2023-09-14,1212.03,1226.65,1232.9,1222.5,1230.0,9209636
2023-09-15,1214.28,1228.93,1234.0,1224.75,1234.0,25468592
2023-09-18,1203.71,1218.22,1225.5,1216.03,1220.03,7516300
2023-09-20,1176.88,1191.07,1213.8,1177.5,1211.53,57081884
2023-09-21,1168.31,1182.4,1195.05,1180.0,1187.47,12226182
2023-09-22,1163.44,1177.47,1191.22,1175.0,1188.0,19176786
2023-09-25,1156.28,1170.22,1180.35,1167.55,1175.2,14254884
2023-09-26,1157.29,1171.25,1175.1,1167.8,1169.28,10087782
2023-09-27,1170.34,1184.45,1185.9,1169.25,1171.75,11722778
2023-09-28,1153.14,1167.05,1191.5,1162.5,1191.5,14518346
2023-09-29,1158.53,1172.5,1184.55,1167.05,1170.9,12342014
2023-10-03,1145.26,1159.07,1167.8,1158.0,1164.97,8859056
2023-10-04,1143.29,1157.07,1159.5,1147.55,1154.5,10286386
2023-10-05,1143.26,1157.05,1164.7,1154.5,1159.62,10953682
2023-10-06,1145.19,1159.0,1162.4,1156.03,1158.53,5431026
2023-10-09,1135.43,1149.12,1155.97,1147.5,1154.05,7576878
2023-10-10,1140.45,1154.2,1158.95,1151.88,1153.28,10236032
2023-10-11,1158.55,1172.53,1174.85,1156.5,1157.22,9814118
2023-10-12,1160.7,1174.7,1179.68,1169.07,1171.93,12554450
2023-10-13,1160.65,1174.65,1178.75,1164.57,1170.0,10150316
2023-10-16,1158.06,1172.03,1177.28,1168.0,1172.5,5929036
2023-10-17,1163.59,1177.62,1179.85,1170.65,1178.0,7928180
2023-10-18,1148.15,1162.0,1183.5,1160.5,1177.62,8918320
2023-10-19,1139.34,1153.07,1160.9,1150.5,1156.0,12032556
2023-10-20,1135.85,1149.55,1157.35,1148.15,1150.0,8913312
2023-10-23,1118.12,1131.6,1153.12,1127.62,1145.0,7853962
2023-10-25,1115.52,1128.97,1140.6,1121.5,1125.03,11620688
2023-10-26,1099.98,1113.25,1129.0,1110.15,1125.5,15222534
2023-10-27,1119.4,1132.9,1136.75,1117.97,1120.0,11771084
2023-10-30,1142.47,1156.25,1162.5,1134.97,1137.0,16813304
2023-10-31,1130.32,1143.95,1164.0,1141.45,1164.0,12808438
2023-11-01,1135.01,1148.7,1158.75,1137.6,1144.57,10309190
2023-11-02,1146.28,1160.1,1162.15,1153.97,1156.97,10562104
2023-11-03,1146.03,1159.85,1167.47,1157.88,1163.6,8850156
2023-11-06,1155.56,1169.5,1170.0,1162.8,1166.15,10647304
2023-11-07,1148.06,1161.9,1169.55,1159.78,1167.03,6960204
2023-11-08,1154.03,1167.95,1170.5,1160.88,1166.0,7884494
2023-11-09,1141.51,1155.28,1167.95,1152.1,1167.93,14513610
2023-11-10,1143.66,1157.45,1158.18,1149.03,1152.78,7734954
2023-11-13,1143.51,1157.3,1162.3,1155.85,1161.45,3854810
2023-11-15,1164.19,1178.22,1180.97,1163.5,1170.0,12220648
2023-11-16,1166.29,1180.35,1187.07,1173.47,1175.55,13134910
2023-11-17,1163.74,1177.78,1186.62,1176.03,1176.45,7758634
2023-11-20,1160.68,1174.68,1179.2,1168.2,1174.28,4490186
2023-11-21,1175.28,1189.45,1194.0,1180.1,1183.0,8214450
2023-11-22,1179.87,1194.1,1197.22,1186.1,1187.5,8534814
2023-11-23,1183.48,1197.75,1200.0,1194.1,1194.1,8531542
2023-11-24,1182.69,1196.95,1201.3,1195.53,1195.8,6749486
2023-11-28,1182.93,1197.2,1199.85,1187.62,1196.95,13792174
2023-11-29,1186.05,1200.35,1205.97,1199.03,1204.0,12531306
2023-11-30,1174.56,1188.72,1200.35,1184.95,1197.35,28439984
2023-12-01,1182.89,1197.15,1198.2,1188.8,1189.0,14342842
2023-12-04,1195.68,1210.1,1225.0,1199.3,1225.0,15590990
2023-12-05,1204.35,1218.88,1220.43,1210.82,1219.5,12693624
2023-12-06,1215.89,1230.55,1236.47,1217.5,1223.55,16422442
2023-12-07,1213.89,1228.53,1230.47,1221.0,1230.0,8142096
2023-12-08,1213.24,1227.88,1238.35,1222.5,1231.93,10204894
2023-12-11,1215.02,1229.68,1233.8,1226.2,1228.0,7066138
2023-12-12,1197.58,1212.03,1232.47,1210.07,1230.0,9197124
2023-12-13,1202.47,1216.97,1219.18,1203.15,1211.0,10031182
2023-12-14,1217.39,1232.07,1237.47,1221.32,1227.0,16972354
2023-12-15,1232.93,1247.8,1250.0,1235.03,1239.0,15932152
2023-12-18,1245.48,1260.5,1267.45,1245.47,1247.8,14165188
2023-12-19,1263.81,1279.05,1286.95,1262.6,1277.5,16820604
2023-12-20,1248.52,1263.57,1299.43,1260.0,1285.53,17736722
2023-12-21,1266.01,1281.28,1286.75,1259.12,1263.5,13765454
2023-12-22,1267.24,1282.53,1290.45,1273.82,1279.8,16541784
2023-12-26,1273.67,1289.03,1295.97,1281.35,1284.0,7465664
2023-12-27,1278.01,1293.43,1299.95,1286.55,1291.0,9204156
2023-12-28,1287.25,1302.78,1306.0,1293.43,1294.9,12302636
2023-12-29,1277.07,1292.47,1307.0,1289.65,1305.55,10864584
2024-01-01,1279.69,1295.12,1303.43,1286.57,1290.28,4030540
2024-01-02,1290.29,1305.85,1307.5,1286.5,1292.5,7448800
2024-01-03,1276.26,1291.65,1317.0,1288.6,1305.0,9037536
2024-01-04,1282.85,1298.32,1304.93,1289.55,1294.0,9612778
2024-01-05,1288.31,1303.85,1309.93,1299.0,1301.45,8086406
2024-01-08,1278.26,1293.68,1315.97,1284.47,1305.0,7734652
2024-01-09,1274.88,1290.25,1303.4,1288.6,1300.0,5403074
2024-01-10,1309.26,1325.05,1329.5,1287.53,1288.5,11102740
2024-01-11,1343.7,1359.9,1362.5,1328.5,1329.5,23725852
2024-01-12,1354.39,1370.72,1373.32,1345.75,1359.9,15012164
2024-01-15,1377.51,1394.12,1396.45,1366.0,1375.0,8610594
2024-01-16,1358.25,1374.62,1396.3,1370.5,1389.97,9069024
2024-01-17,1345.35,1361.57,1386.28,1355.03,1359.5,12197382
2024-01-18,1351.65,1367.95,1371.0,1351.25,1351.4,10279438
2024-01-19,1351.16,1367.45,1376.0,1359.0,1376.0,10422704
2024-01-23,1312.74,1328.57,1371.75,1322.55,1371.75,20055420
2024-01-24,1327.86,1343.88,1349.5,1323.93,1335.22,21919128
2024-01-25,1336.95,1353.07,1364.15,1335.2,1342.95,11808872
2024-01-29,1430.8,1448.05,1452.5,1360.18,1364.5,23893438
2024-01-30,1390.85,1407.62,1459.97,1404.43,1459.95,14093978
2024-01-31,1409.63,1426.62,1434.25,1402.5,1404.0,15130226
2024-02-01,1409.65,1426.65,1443.35,1418.05,1435.0,13349362
2024-02-02,1440.33,1457.7,1474.9,1433.18,1433.18,19652588
2024-02-05,1421.88,1439.03,1470.5,1431.53,1460.75,8814432
2024-02-06,1410.79,1427.8,1441.85,1419.82,1441.85,9047984
2024-02-07,1424.97,1442.15,1449.5,1429.25,1435.93,9296568
2024-02-08,1432.85,1450.12,1459.47,1427.53,1450.0,14694634
2024-02-09,1443.34,1460.75,1471.97,1450.95,1454.0,12556798
2024-02-12,1435.04,1452.35,1461.0,1442.35,1460.75,6674430
2024-02-13,1447.64,1465.1,1479.0,1454.0,1455.5,7715594
2024-02-14,1463.72,1481.38,1483.65,1457.5,1457.5,7117888
2024-02-15,1453.08,1470.6,1484.72,1466.53,1483.35,10006782
2024-02-16,1443.17,1460.57,1477.0,1458.55,1476.47,9767498
2024-02-19,1456.44,1474.0,1479.5,1453.53,1462.05,6729828
2024-02-20,1453.5,1471.03,1475.5,1461.8,1475.03,7117496
2024-02-21,1450.21,1467.7,1488.53,1457.55,1474.0,12720292
2024-02-22,1464.09,1481.75,1484.95,1458.0,1468.15,18493728
2024-02-23,1475.83,1493.62,1497.55,1483.35,1489.5,14438584
2024-02-26,1469.6,1487.32,1494.53,1482.5,1493.55,7513106
2024-02-27,1467.95,1485.65,1499.95,1478.05,1483.03,10826044
2024-02-28,1438.28,1455.62,1491.28,1450.18,1483.0,8647950
2024-02-29,1443.39,1460.8,1478.97,1454.53,1465.0,23628976
2024-03-01,1474.35,1492.12,1500.0,1462.5,1463.5,12132926
2024-03-04,1489.44,1507.4,1512.45,1487.22,1490.47,10024420
2024-03-05,1482.32,1500.2,1507.4,1486.05,1505.78,7107668
2024-03-06,1485.09,1503.0,1509.0,1478.5,1493.45,7805676
2024-03-07,1461.3,1478.93,1503.1,1475.55,1502.97,8315726
2024-03-11,1449.12,1466.6,1489.0,1463.5,1489.0,11277130
2024-03-12,1457.84,1475.43,1488.0,1465.03,1466.6,9432678
2024-03-13,1415.11,1432.18,1483.1,1427.78,1479.78,13522134
2024-03-14,1414.42,1431.47,1448.53,1425.5,1439.7,18571102
2024-03-15,1401.33,1418.22,1433.22,1412.9,1425.95,19223818
2024-03-18,1422.32,1439.47,1441.72,1416.53,1420.0,9169392
2024-03-19,1408.27,1425.25,1437.6,1417.25,1428.75,8275764
2024-03-20,1426.55,1443.75,1445.0,1424.03,1427.95,8488806
2024-03-21,1433.69,1450.97,1457.9,1444.68,1452.53,13006936
2024-03-22,1437.69,1455.03,1460.0,1447.35,1449.97,19527608
2024-03-26,1424.4,1441.57,1452.4,1439.0,1445.0,11415906
2024-03-27,1475.06,1492.85,1500.0,1447.0,1448.0,16326644
2024-03-28,1468.15,1485.85,1505.95,1478.65,1492.88,21854364
2024-04-01,1467.08,1484.78,1493.97,1482.5,1492.47,5013880
2024-04-02,1469.23,1486.95,1494.0,1475.0,1484.0,8910166
2024-04-03,1454.07,1471.6,1484.45,1468.9,1482.07,7008292
2024-04-04,1445.49,1462.93,1479.75,1450.0,1479.75,14490272
2024-04-05,1442.7,1460.1,1470.8,1456.0,1460.88,7442298
2024-04-08,1468.27,1485.97,1490.97,1461.0,1462.97,8357118
2024-04-09,1446.21,1463.65,1489.8,1462.5,1489.0,7071414
2024-04-10,1461.95,1479.57,1487.0,1466.35,1466.35,9138330
2024-04-12,1449.67,1467.15,1486.47,1463.07,1475.88,15551012
2024-04-15,1447.37,1464.82,1482.12,1446.32,1461.0,12902062
2024-04-16,1448.28,1465.75,1471.18,1450.93,1453.35,9366184
2024-04-18,1446.88,1464.32,1486.0,1459.35,1463.5,19005692
2024-04-19,1452.61,1470.12,1474.0,1443.03,1456.78,15741778
2024-04-22,1462.22,1479.85,1482.82,1467.8,1472.45,10350362
2024-04-23,1441.94,1459.32,1493.5,1455.55,1479.0,14605554
2024-04-24,1432.9,1450.18,1468.55,1449.5,1463.5,10462776
2024-04-25,1442.58,1459.97,1467.97,1441.5,1442.5,15943926
2024-04-26,1435.24,1452.55,1465.0,1450.0,1463.95,9413848
2024-04-29,1447.57,1465.03,1467.9,1450.0,1450.0,7247974
2024-04-30,1449.52,1467.0,1483.07,1462.88,1468.0,11474262
2024-05-02,1449.08,1466.55,1477.32,1464.12,1472.0,14512646
2024-05-03,1416.91,1434.0,1474.95,1416.15,1471.0,17226958
2024-05-06,1402.61,1419.53,1440.0,1418.0,1435.5,7394208
2024-05-07,1384.78,1401.47,1420.75,1392.0,1415.97,14517472
2024-05-08,1401.65,1418.55,1432.95,1397.5,1397.5,9439002
2024-05-09,1377.51,1394.12,1423.75,1390.0,1413.0,11009612
2024-05-10,1390.65,1407.43,1410.0,1388.07,1396.75,10505096
2024-05-13,1385.99,1402.7,1406.97,1384.0,1399.9,8456620
2024-05-14,1403.15,1420.07,1427.07,1400.03,1400.97,7188300
2024-05-15,1399.4,1416.28,1429.97,1413.03,1420.5,5046534
2024-05-16,1408.37,1425.35,1427.5,1398.03,1418.55,14711774
2024-05-17,1418.59,1435.7,1437.2,1413.25,1423.05,10916476
2024-05-21,1419.01,1436.12,1441.82,1425.6,1425.6,11176128
2024-05-22,1443.25,1460.65,1468.78,1436.28,1436.28,10281604
2024-05-23,1468.34,1486.05,1492.22,1455.0,1458.55,14608260
2024-05-24,1462.61,1480.25,1488.5,1476.1,1483.62,7094776
2024-05-27,1448.78,1466.25,1484.9,1461.55,1480.22,6629010
2024-05-28,1438.85,1456.2,1478.5,1452.75,1468.0,7820162
2024-05-29,1423.61,1440.78,1458.0,1438.45,1446.5,7383556
2024-05-30,1407.87,1424.85,1440.4,1420.1,1435.5,13206858
2024-05-31,1413.36,1430.4,1442.25,1422.25,1431.3,31069832
2024-06-03,1492.33,1510.32,1514.5,1459.0,1483.0,21527942
2024-06-04,1380.63,1397.28,1498.05,1359.3,1498.05,36709098
2024-06-05,1403.82,1420.75,1431.15,1384.1,1422.0,17464890
2024-06-06,1414.54,1431.6,1443.7,1421.35,1435.0,17855722
2024-06-07,1452.43,1469.95,1472.0,1426.5,1428.5,18558696
2024-06-10,1453.87,1471.4,1493.35,1468.07,1469.95,9251760
2024-06-11,1439.32,1456.68,1473.68,1454.68,1469.0,11774902
2024-06-12,1445.89,1463.32,1476.0,1455.18,1457.5,10081742
2024-06-13,1447.79,1465.25,1472.25,1460.1,1472.0,9181160
2024-06-14,1459.94,1477.55,1479.68,1457.22,1470.0,8157998
2024-06-18,1463.38,1481.03,1487.4,1471.35,1487.35,7196766
2024-06-19,1441.27,1458.65,1487.5,1456.0,1487.5,8725874
2024-06-20,1456.14,1473.7,1482.85,1450.1,1459.0,16113776
2024-06-21,1436.87,1454.2,1474.7,1440.57,1473.62,31170360
2024-06-24,1424.3,1441.47,1449.5,1437.5,1445.53,8878386
2024-06-25,1436.82,1454.15,1455.93,1441.0,1443.0,7045386
2024-06-26,1495.98,1514.03,1518.97,1445.12,1446.05,22014882
2024-06-27,1512.31,1530.55,1537.5,1506.0,1513.75,28383030
2024-06-28,1546.75,1565.4,1581.0,1531.03,1531.03,28957336
2024-07-01,1541.56,1560.15,1579.4,1555.68,1562.53,7724306
2024-07-02,1546.53,1565.18,1573.5,1557.0,1569.5,7749246
2024-07-03,1533.93,1552.43,1575.0,1542.78,1566.32,9049620
2024-07-04,1535.51,1554.03,1567.5,1550.8,1557.0,6837176
2024-07-05,1569.7,1588.62,1598.5,1548.0,1553.82,12269710
2024-07-08,1581.82,1600.9,1608.8,1582.53,1589.0,9500806
2024-07-09,1571.33,1590.28,1600.5,1580.5,1597.6,6960002
2024-07-10,1565.35,1584.22,1597.5,1563.15,1595.0,7134578
2024-07-11,1561.82,1580.65,1604.25,1570.5,1587.5,11940946
2024-07-12,1577.7,1596.72,1605.15,1574.5,1584.5,12924784
2024-07-15,1578.19,1597.22,1605.85,1585.5,1604.45,5329688
2024-07-16,1557.47,1576.25,1600.0,1569.12,1593.5,9386838
2024-07-18,1567.77,1586.68,1593.9,1557.82,1576.0,12298374
2024-07-19,1536.62,1555.15,1589.97,1552.8,1586.0,13140390
2024-07-22,1482.79,1500.68,1537.5,1499.28,1537.25,19674376
2024-07-23,1470.17,1487.9,1505.75,1463.0,1501.0,18052044
2024-07-24,1477.88,1495.7,1509.5,1476.4,1485.0,11913362
2024-07-25,1474.62,1492.4,1500.47,1477.07,1481.0,12519876
2024-07-26,1491.04,1509.03,1512.43,1490.35,1492.4,9859940
2024-07-29,1501.99,1520.1,1527.5,1511.78,1511.95,7538550
2024-07-30,1495.12,1513.15,1525.0,1510.0,1517.03,8228208
2024-07-31,1487.49,1505.43,1510.45,1501.15,1504.0,10057346
2024-08-01,1497.24,1515.3,1518.0,1504.3,1512.0,10764222
2024-08-02,1481.46,1499.32,1509.32,1493.28,1505.0,10268248
2024-08-05,1430.08,1447.32,1483.9,1433.25,1480.0,17046704
2024-08-06,1438.7,1456.05,1477.5,1451.32,1455.15,10236186
2024-08-07,1447.37,1464.82,1472.5,1461.5,1469.0,8174568
2024-08-08,1431.86,1449.12,1465.0,1445.93,1457.53,12387192
2024-08-09,1456.73,1474.3,1476.5,1456.0,1460.0,6249776
2024-08-12,1443.22,1460.62,1473.0,1457.75,1470.0,8184584
2024-08-13,1446.19,1463.62,1470.07,1458.0,1460.75,6265064
2024-08-14,1444.43,1461.85,1472.0,1453.7,1463.55,6267466
2024-08-16,1460.59,1478.2,1480.4,1458.05,1468.65,9416902
2024-08-19,1475.66,1488.4,1498.3,1480.5,1482.5,13797742
2024-08-20,1483.14,1495.95,1503.93,1490.03,1497.22,8411808
2024-08-21,1485.84,1498.68,1507.88,1490.0,1493.25,7769996
2024-08-22,1485.3,1498.12,1506.5,1490.65,1503.0,10445782
2024-08-23,1487.13,1499.97,1511.32,1498.43,1503.75,9249654
2024-08-26,1499.65,1512.6,1523.0,1503.0,1506.97,8816114
2024-08-27,1487.6,1500.45,1513.47,1499.45,1510.5,6251156
2024-08-28,1485.47,1498.3,1507.47,1493.0,1505.0,9610286
2024-08-29,1507.9,1520.93,1537.0,1494.0,1503.1,38335358
2024-08-30,1496.7,1509.62,1539.72,1503.32,1534.0,41620730
2024-09-02,1503.27,1516.25,1526.8,1506.62,1510.88,11240852
2024-09-03,1496.2,1509.12,1523.0,1507.5,1521.25,10923800
2024-09-04,1501.58,1514.55,1517.5,1499.5,1500.7,11983304
2024-09-05,1480.19,1492.97,1525.78,1487.05,1519.05,16264168
2024-09-06,1452.28,1464.82,1497.0,1461.62,1492.5,19394228
2024-09-09,1449.93,1462.45,1469.93,1455.6,1466.5,9010298
2024-09-10,1449.01,1461.53,1472.05,1457.57,1460.5,10768260
2024-09-11,1439.07,1451.5,1468.75,1447.55,1463.05,9760202
2024-09-12,1467.13,1479.8,1486.0,1445.88,1457.0,22349376
2024-09-13,1460.02,1472.62,1483.15,1469.5,1476.4,8711328
2024-09-16,1458.75,1471.35,1480.9,1464.75,1477.55,5481774
2024-09-17,1459.69,1472.3,1477.47,1466.62,1474.0,5935328
2024-09-18,1450.92,1463.45,1482.0,1460.55,1470.0,8574714
2024-09-19,1457.09,1469.68,1476.5,1455.55,1466.25,16955902
2024-09-20,1473.2,1485.93,1495.0,1471.38,1474.0,30897320
2024-09-23,1480.59,1493.38,1501.5,1488.95,1491.0,8832314
2024-09-24,1476.62,1489.38,1500.5,1487.88,1488.5,17137444
2024-09-25,1481.16,1493.95,1496.5,1480.2,1483.9,7069002
2024-09-26,1485.12,1497.95,1504.0,1488.05,1490.65,18818998
2024-09-27,1513.11,1526.18,1533.47,1492.0,1499.0,20597478
2024-09-30,1463.93,1476.57,1524.97,1474.4,1519.4,27008814
2024-10-01,1452.28,1464.82,1487.95,1462.82,1480.65,16431642
2024-10-03,1394.93,1406.97,1449.4,1402.07,1436.57,37757294
2024-10-04,1374.65,1386.53,1417.35,1381.78,1403.93,37072876
2024-10-07,1358.99,1370.72,1396.5,1361.38,1393.5,22181340
2024-10-08,1385.39,1397.35,1401.0,1365.1,1372.97,17020808
2024-10-09,1362.83,1374.6,1400.97,1372.5,1397.53,14310610
2024-10-10,1359.31,1371.05,1386.0,1369.43,1380.03,22358646
2024-10-11,1360.35,1372.1,1383.28,1368.82,1370.0,7980122
2024-10-14,1360.77,1372.53,1380.07,1368.25,1379.45,12221432
2024-10-15,1332.52,1344.03,1371.7,1340.7,1358.53,33762794
2024-10-16,1342.48,1354.07,1364.0,1337.62,1340.0,20034438
2024-10-17,1344.81,1356.43,1368.45,1352.05,1365.7,15543660
2024-10-18,1347.66,1359.3,1368.43,1341.32,1352.18,12082452
2024-10-21,1357.48,1369.2,1374.0,1357.72,1367.12,14067408
2024-10-22,1331.85,1343.35,1376.0,1340.22,1369.2,15831960
2024-10-23,1327.06,1338.53,1357.47,1335.0,1337.5,17214742
2024-10-24,1328.33,1339.8,1343.7,1323.12,1335.28,22155934
2024-10-25,1316.48,1327.85,1344.35,1322.0,1343.5,18597496
2024-10-28,1322.93,1334.35,1353.0,1322.1,1337.0,10824350
2024-10-29,1328.53,1340.0,1343.2,1320.3,1328.1,12008361
2024-10-30,1332.39,1343.9,1350.0,1325.35,1335.0,11984423
2024-10-31,1320.65,1332.05,1343.0,1326.15,1340.0,9331650
2024-11-01,1327.19,1338.65,1341.95,1333.0,1333.05,2127335
2024-11-04,1291.0,1302.15,1340.0,1285.1,1337.85,19796890
2024-11-05,1294.12,1305.3,1309.55,1286.15,1293.0,16267479
2024-11-06,1314.0,1325.35,1328.3,1300.2,1310.0,21625209
2024-11-07,1294.47,1305.65,1324.0,1302.6,1324.0,9611974
2024-11-08,1272.76,1283.75,1301.65,1275.0,1297.65,19814406
2024-11-11,1261.8,1272.7,1286.0,1267.0,1278.95,9056552
2024-11-12,1263.34,1274.25,1289.3,1267.5,1275.55,10671091
2024-11-13,1241.33,1252.05,1275.45,1249.5,1270.25,14633633
2024-11-14,1256.75,1267.6,1272.6,1251.1,1253.6,12612633
2024-11-18,1249.96,1260.75,1272.9,1243.9,1267.6,13620611
2024-11-19,1231.02,1241.65,1281.5,1235.15,1260.75,14183746
2024-11-21,1212.53,1223.0,1243.95,1217.25,1241.65,19433843
2024-11-22,1254.57,1265.4,1268.85,1222.45,1229.4,20471957
2024-11-25,1275.98,1287.0,1304.45,1282.45,1290.0,28923341
2024-11-26,1284.61,1295.7,1297.85,1284.2,1294.95,9247557
2024-11-27,1282.13,1293.2,1303.85,1286.0,1293.5,9572746
2024-11-28,1259.92,1270.8,1296.6,1269.05,1289.95,15027412
2024-11-29,1281.14,1292.2,1299.5,1275.25,1280.0,13202307
2024-12-02,1297.94,1309.15,1311.35,1277.05,1288.0,11024152
2024-12-03,1311.97,1323.3,1326.8,1307.0,1317.0,16869482
2024-12-04,1297.74,1308.95,1328.4,1304.05,1326.0,19608540
2024-12-05,1310.73,1322.05,1329.95,1306.15,1314.35,16858723
2024-12-06,1300.32,1311.55,1323.9,1310.0,1323.9,9037514
2024-12-09,1284.06,1295.15,1315.0,1293.1,1303.0,14650002
2024-12-10,1273.85,1284.85,1294.9,1280.2,1289.25,16043729
2024-12-11,1267.26,1278.2,1290.0,1276.05,1285.0,11724373
2024-12-12,1252.09,1262.9,1278.2,1260.6,1270.0,20906813
2024-12-13,1261.95,1272.85,1275.2,1239.6,1260.0,28630222
2024-12-16,1257.44,1268.3,1281.0,1266.55,1275.0,9486781
2024-12-17,1234.64,1245.3,1263.9,1242.8,1261.05,17462791
2024-12-18,1242.52,1253.25,1259.95,1240.65,1240.65,12670179
2024-12-19,1219.91,1230.45,1244.9,1229.0,1239.0,14244653
2024-12-20,1194.98,1205.3,1239.5,1201.5,1224.0,20312896
2024-12-23,1211.83,1222.3,1227.2,1213.2,1215.0,10052824
2024-12-24,1212.28,1222.75,1233.55,1221.0,1222.3,6734917
2024-12-26,1206.13,1216.55,1227.7,1214.25,1224.25,10016178
2024-12-27,1210.6,1221.05,1227.9,1217.0,1218.3,7000397
2024-12-30,1200.33,1210.7,1223.2,1208.1,1216.4,8818766
2024-12-31,1205.04,1215.45,1219.1,1206.15,1208.0,6405475
2025-01-01,1210.79,1221.25,1226.3,1211.6,1214.85,5892590
2025-01-02,1231.17,1241.8,1244.45,1220.0,1221.25,15486276
2025-01-03,1240.44,1251.15,1262.05,1235.5,1243.9,15521102
2025-01-06,1207.57,1218.0,1262.0,1215.0,1253.95,14816766
2025-01-07,1230.23,1240.85,1244.5,1221.25,1222.0,10070505
2025-01-08,1254.66,1265.5,1271.05,1245.35,1249.0,19346579
2025-01-09,1244.01,1254.75,1269.75,1248.05,1267.0,12794704
2025-01-10,1231.27,1241.9,1256.75,1236.0,1253.85,8120332
2025-01-13,1229.23,1239.85,1245.25,1226.4,1230.0,13764861
2025-01-14,1228.14,1238.75,1253.35,1227.25,1244.1,13095266
2025-01-15,1241.48,1252.2,1257.0,1241.85,1244.95,9578856
2025-01-16,1255.61,1266.45,1275.0,1251.3,1258.9,14117603
2025-01-17,1291.2,1302.35,1326.0,1285.0,1322.25,29366277
2025-01-20,1294.27,1305.45,1316.0,1300.25,1316.0,14040244
2025-01-21,1262.79,1273.7,1313.0,1270.2,1310.5,14562976
2025-01-22,1266.17,1277.1,1282.9,1268.7,1278.3,10273590
2025-01-23,1252.83,1263.65,1277.35,1261.6,1270.0,8720682
2025-01-24,1235.63,1246.3,1273.0,1243.5,1266.0,14235970
2025-01-27,1218.82,1229.35,1240.45,1220.0,1239.1,9536019
2025-01-28,1223.83,1234.4,1244.75,1218.5,1238.0,10568025
2025-01-29,1224.92,1235.5,1242.75,1228.05,1236.0,5928156
2025-01-30,1242.32,1253.05,1257.0,1232.4,1235.55,9269259
2025-01-31,1254.27,1265.1,1267.0,1249.0,1255.85,6584612
2025-02-01,1253.77,1264.6,1270.55,1241.0,1265.1,7118453
2025-02-03,1235.23,1245.9,1256.0,1237.55,1251.0,9252345
2025-02-04,1274.2,1285.2,1288.8,1246.6,1248.05,16691069
2025-02-05,1267.26,1278.2,1290.5,1276.7,1282.65,10112028
2025-02-06,1270.58,1281.55,1288.0,1270.35,1273.7,9956001
2025-02-07,1255.85,1266.7,1283.7,1262.0,1276.15,8764283
2025-02-10,1242.92,1253.65,1266.5,1245.55,1264.5,6970972
2025-02-11,1224.28,1234.85,1264.55,1230.1,1264.55,8859714
2025-02-12,1206.13,1216.55,1226.9,1193.35,1219.45,21131654
2025-02-13,1205.69,1216.1,1228.0,1212.0,1217.05,8511216
2025-02-14,1206.83,1217.25,1224.0,1205.45,1219.0,10298145
2025-02-17,1214.41,1224.9,1227.5,1204.5,1211.1,8166683
2025-02-18,1214.91,1225.4,1229.9,1216.1,1224.85,6673250
2025-02-19,1216.94,1227.45,1232.75,1217.55,1219.5,6217338
2025-02-20,1222.44,1233.0,1239.35,1222.0,1223.95,7795582
2025-02-21,1217.63,1228.15,1240.0,1222.15,1228.7,6904025
2025-02-24,1204.15,1214.55,1223.25,1210.5,1216.55,7172498
2025-02-25,1193.69,1204.0,1221.0,1201.5,1211.0,11552182
2025-02-27,1196.76,1207.1,1215.0,1200.65,1212.8,11509215
2025-02-28,1189.82,1200.1,1217.35,1193.3,1202.0,23007298
2025-03-03,1161.22,1171.25,1206.45,1156.0,1204.0,17944938
2025-03-04,1151.95,1161.9,1174.0,1159.55,1162.2,11377373
2025-03-05,1165.53,1175.6,1183.0,1157.0,1161.0,8664095
2025-03-06,1199.24,1209.6,1213.95,1185.15,1197.0,14468014
2025-03-07,1239.1,1249.8,1254.8,1212.0,1216.0,16474965
2025-03-10,1227.8,1238.4,1258.0,1235.4,1245.0,11931051
2025-03-11,1236.62,1247.3,1249.5,1229.75,1240.0,10089838
2025-03-12,1246.29,1257.05,1263.0,1244.0,1258.0,11977555
2025-03-13,1237.22,1247.9,1264.15,1243.85,1260.05,9505270
2025-03-17,1228.24,1238.85,1257.4,1233.1,1242.15,16640917
2025-03-18,1228.24,1238.85,1238.85,1238.85,1238.85,0
2025-03-19,1236.47,1247.15,1253.25,1238.8,1241.05,16162399
2025-03-20,1258.28,1269.15,1273.0,1250.05,1251.85,15971477
2025-03-21,1265.42,1276.35,1281.0,1270.1,1275.0,21780769
2025-03-24,1290.95,1302.1,1306.0,1284.25,1291.0,20299319
2025-03-25,1274.44,1285.45,1307.7,1282.6,1307.7,13713899
2025-03-26,1262.15,1273.05,1293.8,1268.75,1291.0,12074747
2025-03-27,1267.26,1278.2,1285.0,1271.3,1278.15,15028056
2025-03-28,1264.18,1275.1,1295.75,1269.0,1280.0,18147129
2025-04-01,1241.88,1252.6,1277.9,1249.3,1264.6,12099648
2025-04-02,1240.44,1251.15,1255.55,1243.9,1247.55,10142590
2025-04-03,1238.01,1248.7,1251.8,1233.05,1233.05,7434366
2025-04-04,1194.39,1204.7,1245.45,1193.15,1241.1,17908652
2025-04-07,1155.72,1165.7,1171.25,1114.85,1132.2,22156106
2025-04-08,1172.08,1182.2,1196.6,1163.3,1172.0,19555040
2025-04-09,1175.2,1185.35,1189.8,1168.0,1169.5,10223104
2025-04-11,1208.51,1218.95,1222.65,1195.15,1195.15,11224242
2025-04-15,1229.48,1240.1,1251.0,1237.1,1251.0,13378535
2025-04-16,1228.69,1239.3,1240.9,1229.0,1234.1,8248464
2025-04-17,1263.59,1274.5,1280.2,1227.6,1240.2,15398401
2025-04-21,1284.41,1295.5,1300.9,1267.0,1270.0,10429964
2025-04-22,1280.14,1291.2,1303.9,1286.3,1300.0,13051707
2025-04-23,1288.87,1300.0,1306.0,1285.4,1297.0,10480888
2025-04-24,1290.46,1301.6,1304.5,1290.3,1292.4,10468940
2025-04-25,1289.27,1300.4,1325.2,1288.1,1303.5,14431012
2025-04-28,1357.08,1368.8,1374.6,1320.2,1340.0,31104496
2025-04-29,1387.72,1399.7,1410.9,1370.0,1371.0,32538970
2025-04-30,1392.97,1405.0,1412.4,1369.0,1402.0,25480745
2025-05-02,1407.64,1419.8,1426.7,1409.1,1414.0,13007841
2025-05-05,1419.05,1431.3,1439.5,1426.9,1431.0,12685649
2025-05-06,1408.73,1420.9,1432.0,1410.6,1431.0,14084117
2025-05-07,1393.96,1406.0,1424.4,1402.7,1420.9,13440169
2025-05-08,1394.95,1407.0,1420.8,1398.0,1404.1,16106175
2025-05-09,1365.41,1377.2,1394.8,1374.5,1385.5,13668904
2025-05-12,1424.2,1436.5,1439.0,1400.0,1400.0,10674081
2025-05-13,1403.58,1415.7,1447.7,1412.4,1433.5,11407896
2025-05-14,1412.2,1424.4,1429.9,1415.5,1420.0,5570160
2025-05-15,1441.75,1454.2,1461.4,1412.7,1425.0,20177211
2025-05-16,1443.93,1456.4,1461.0,1447.3,1453.2,9036695
2025-05-19,1428.46,1440.8,1454.6,1438.2,1452.1,6195791
2025-05-20,1412.4,1424.6,1445.0,1421.8,1438.2,11270560
2025-05-21,1416.96,1429.2,1436.2,1418.1,1423.9,6136364
2025-05-22,1397.33,1409.4,1423.8,1396.9,1421.2,12134466
2025-05-23,1414.58,1426.8,1433.8,1406.6,1406.6,6474883
2025-05-26,1422.52,1434.8,1441.0,1425.1,1432.0,4842944
2025-05-27,1409.92,1422.1,1437.0,1413.9,1426.1,12640414
2025-05-28,1400.8,1412.9,1422.6,1410.7,1420.1,5944611
2025-05-29,1405.66,1417.8,1420.0,1408.6,1412.1,13771917
2025-05-30,1408.73,1420.9,1430.6,1409.7,1418.0,13788484
2025-06-02,1401.6,1413.7,1417.5,1395.6,1412.1,8098668
2025-06-03,1393.47,1405.5,1426.5,1403.4,1422.3,11252626
2025-06-04,1411.31,1423.5,1425.7,1406.1,1414.7,8126827
2025-06-05,1430.05,1442.4,1454.7,1423.6,1428.0,13716817
2025-06-06,1431.14,1443.5,1451.5,1437.0,1441.0,8182161
2025-06-09,1436.4,1448.8,1457.5,1445.3,1457.0,7885125
2025-06-10,1426.18,1438.5,1453.9,1436.0,1450.0,7913181
2025-06-11,1436.49,1448.9,1468.6,1443.1,1445.8,8195700
2025-06-12,1429.26,1441.6,1457.0,1434.4,1453.5,8828114
2025-06-13,1415.67,1427.9,1435.5,1414.3,1424.0,9757276
2025-06-16,1425.49,1437.8,1442.4,1424.4,1426.9,8458093
2025-06-17,1418.95,1431.2,1448.0,1425.8,1448.0,10366599
2025-06-18,1417.86,1430.1,1442.8,1425.7,1430.0,6681735
2025-06-19,1421.03,1433.3,1439.9,1425.7,1430.1,10007230
2025-06-20,1453.65,1466.2,1471.0,1428.1,1431.0,29010635
2025-06-23,1444.33,1456.8,1463.8,1442.0,1453.0,5989078
2025-06-24,1438.38,1450.8,1475.0,1443.1,1465.0,16402744
2025-06-25,1454.74,1467.3,1472.4,1460.5,1464.0,7525851
2025-06-26,1482.5,1495.3,1498.8,1465.1,1469.1,14657893
2025-06-27,1502.43,1515.4,1522.0,1496.9,1499.4,11117052
2025-06-30,1487.75,1500.6,1524.8,1496.0,1513.8,8409527
2025-07-01,1515.31,1528.4,1531.4,1500.1,1500.6,10368523
2025-07-02,1505.8,1518.8,1530.0,1508.7,1528.4,6361002
2025-07-03,1504.8,1517.8,1531.9,1513.0,1520.8,11283291
2025-07-04,1514.22,1527.3,1530.0,1517.2,1524.0,6603501
2025-07-07,1528.3,1541.5,1544.8,1525.0,1526.6,7251074
2025-07-08,1524.43,1537.6,1544.9,1530.2,1536.0,7171261
2025-07-09,1505.99,1519.0,1551.0,1510.1,1536.7,8870660
2025-07-10,1504.21,1517.2,1524.7,1507.5,1519.7,10047129
2025-07-11,1482.4,1495.2,1515.0,1490.3,1512.0,7234991
2025-07-14,1471.0,1483.7,1500.0,1479.1,1492.2,10311846
2025-07-15,1472.68,1485.4,1496.5,1482.4,1486.2,8132454
2025-07-16,1472.88,1485.6,1491.0,1471.5,1473.0,10409983
2025-07-17,1463.76,1476.4,1489.6,1473.9,1487.4,11854613
2025-07-18,1463.36,1476.0,1484.8,1469.1,1484.8,10296318
2025-07-21,1416.37,1428.6,1476.0,1423.1,1465.0,22442744
2025-07-22,1400.7,1412.8,1431.9,1410.7,1427.4,20396320
2025-07-23,1412.4,1424.6,1426.0,1414.4,1426.0,8354596
2025-07-24,1390.89,1402.9,1423.0,1396.0,1419.2,14740507
2025-07-25,1379.78,1391.7,1401.0,1384.1,1398.9,11854722
2025-07-28,1375.72,1387.6,1407.8,1385.0,1392.3,7748361
2025-07-29,1404.97,1417.1,1420.2,1383.0,1383.0,10750072
2025-07-30,1398.03,1410.1,1423.3,1401.3,1418.1,7209849
2025-07-31,1378.3,1390.2,1402.6,1382.2,1388.1,17065827
2025-08-01,1381.77,1393.7,1405.9,1384.3,1386.9,10321171
2025-08-04,1399.41,1411.5,1416.1,1391.7,1395.1,6312820
2025-08-05,1379.78,1391.7,1411.0,1388.1,1411.0,9315972
2025-08-06,1380.87,1392.8,1395.9,1383.3,1391.9,5834312
2025-08-07,1377.5,1389.4,1393.7,1366.0,1387.7,9976705
2025-08-08,1356.09,1367.8,1397.2,1365.0,1385.0,8793606
2025-08-11,1374.33,1386.2,1388.0,1361.2,1370.0,9997486
2025-08-12,1368.58,1380.4,1401.9,1375.2,1381.9,12244664
2025-08-13,1370.76,1382.6,1391.8,1377.5,1388.0,7457021
2025-08-14,1367.48,1373.8,1380.7,1370.1,1377.3,7126128
2025-08-18,1375.34,1381.7,1394.9,1377.0,1390.0,11785109
2025-08-19,1413.56,1420.1,1421.0,1389.1,1390.0,14384719
2025-08-20,1406.5,1413.0,1424.9,1410.0,1413.0,8725641
2025-08-21,1418.24,1424.8,1431.9,1420.3,1425.0,11021323
2025-08-22,1402.71,1409.2,1423.4,1407.9,1420.0,5818868
2025-08-25,1406.1,1412.6,1419.5,1405.7,1414.7,5979407
2025-08-26,1378.53,1384.9,1410.0,1381.6,1408.0,12145259
2025-08-28,1379.52,1385.9,1392.2,1366.5,1389.9,13161813
2025-08-29,1350.95,1357.2,1403.5,1350.0,1381.1,18758842
2025-09-01,1347.67,1353.9,1363.2,1340.6,1356.0,11232238
2025-09-02,1360.21,1366.5,1384.5,1354.5,1354.8,11517006
2025-09-03,1366.28,1372.6,1376.5,1360.5,1369.7,7847563
2025-09-04,1353.04,1359.3,1374.0,1357.1,1371.8,13223177
2025-09-05,1368.67,1375.0,1381.0,1359.3,1363.0,5777575
2025-09-08,1372.16,1378.5,1386.0,1372.4,1380.0,6986720
2025-09-09,1369.87,1376.2,1381.2,1368.7,1376.6,9754452
2025-09-10,1370.66,1377.0,1388.5,1374.1,1383.9,7790815
2025-09-11,1376.93,1383.3,1385.5,1375.0,1376.0,9766072
2025-09-12,1388.58,1395.0,1396.3,1380.5,1383.3,7403368
2025-09-15,1392.86,1399.3,1400.8,1388.6,1393.0,5396697
2025-09-16,1398.83,1405.3,1408.0,1398.2,1404.7,8686961
2025-09-17,1407.29,1413.8,1416.2,1406.9,1407.0,7519417
2025-09-18,1408.49,1415.0,1422.0,1410.7,1420.4,9332642
2025-09-19,1400.92,1407.4,1417.0,1403.6,1414.9,13461373
2025-09-22,1384.2,1390.6,1410.7,1388.0,1403.9,7757970
2025-09-23,1383.4,1389.8,1395.0,1376.8,1391.0,14014702
2025-09-24,1376.64,1383.0,1396.0,1380.4,1385.3,5922759
2025-09-25,1366.08,1372.4,1384.5,1369.0,1381.3,11411143
2025-09-26,1371.26,1377.6,1382.7,1366.0,1372.0,9879109
2025-09-29,1366.48,1372.8,1389.0,1368.0,1381.6,14231999
2025-09-30,1357.72,1364.0,1377.1,1362.8,1377.1,14604684
2025-10-01,1362.4,1368.7,1378.6,1362.7,1367.0,12045916
2025-10-03,1357.13,1363.4,1371.6,1356.9,1363.2,12842347
2025-10-06,1368.67,1375.0,1377.4,1359.0,1360.0,12396580
2025-10-07,1378.43,1384.8,1395.9,1375.9,1376.0,11244040
2025-10-08,1361.11,1367.4,1389.0,1364.5,1384.8,8525081
2025-10-09,1371.46,1377.8,1380.0,1369.1,1374.0,8826633
2025-10-10,1375.34,1381.7,1388.0,1375.1,1377.8,6373084
2025-10-13,1368.67,1375.0,1377.7,1367.8,1376.9,7600682
2025-10-14,1369.57,1375.9,1388.0,1370.1,1380.0,9768174
2025-10-15,1367.98,1374.3,1384.0,1372.7,1383.0,10882743
2025-10-16,1391.86,1398.3,1400.5,1375.0,1375.1,12315932
2025-10-17,1410.28,1416.8,1423.3,1399.1,1401.0,19335561
2025-10-20,1460.05,1466.8,1473.8,1433.3,1440.0,24721978
2025-10-21,1458.46,1465.2,1474.0,1460.0,1468.0,2066169
2025-10-23,1441.73,1448.4,1482.9,1444.6,1475.0,18707090
2025-10-24,1444.92,1451.6,1459.8,1441.0,1450.0,9700837
2025-10-27,1477.27,1484.1,1485.0,1458.0,1463.0,14113867
2025-10-28,1480.06,1486.9,1492.0,1477.6,1484.1,17631577
2025-10-29,1497.28,1504.2,1508.3,1488.1,1490.0,11884745
2025-10-30,1481.65,1488.5,1503.1,1484.0,1500.0,9318663
2025-10-31,1479.56,1486.4,1497.5,1482.3,1490.4,8758053
2025-11-03,1477.87,1484.7,1495.0,1479.3,1486.0,8452085
2025-11-04,1466.32,1473.1,1492.8,1470.1,1483.9,10007806
2025-11-06,1489.21,1496.1,1501.6,1476.2,1484.0,16772678
2025-11-07,1471.2,1478.0,1498.4,1475.9,1494.6,7821765
2025-11-10,1482.45,1489.3,1501.0,1475.5,1477.9,7068438
2025-11-11,1486.53,1493.4,1498.8,1480.2,1497.0,7127506
2025-11-12,1504.54,1511.5,1524.7,1500.0,1505.0,12384459
2025-11-13,1503.95,1510.9,1522.1,1506.8,1515.0,7196443
2025-11-14,1511.91,1518.9,1520.9,1505.5,1505.5,7682823
2025-11-17,1511.31,1518.3,1523.7,1511.5,1520.9,5871416
2025-11-18,1512.41,1519.4,1527.8,1510.5,1521.7,11045042
2025-11-19,1511.91,1518.9,1522.3,1512.0,1517.4,5692366
2025-11-20,1541.97,1549.1,1550.9,1526.7,1530.0,18171724
2025-11-21,1539.48,1546.6,1557.8,1540.1,1541.0,9615271
2025-11-24,1528.83,1535.9,1550.0,1531.8,1550.0,18433951
2025-11-25,1532.61,1539.7,1559.6,1525.1,1535.9,15033482
2025-11-26,1562.67,1569.9,1571.6,1540.5,1542.3,14054299
2025-11-27,1556.2,1563.4,1575.5,1556.0,1575.0,9794643
2025-11-28,1560.29,1567.5,1581.3,1563.0,1568.0,8959508
2025-12-01,1558.89,1566.1,1577.5,1563.6,1575.0,8920233
2025-12-02,1539.18,1546.3,1567.5,1542.0,1561.1,11389150
2025-12-03,1531.72,1538.8,1552.4,1533.0,1545.2,6090883
2025-12-04,1528.53,1535.6,1560.5,1517.6,1536.0,11867930
2025-12-05,1533.51,1540.6,1545.8,1520.6,1530.4,10183266
2025-12-08,1535.9,1543.0,1551.0,1535.0,1539.2,11301491
2025-12-09,1522.36,1529.4,1542.5,1520.1,1540.3,11503971
2025-12-10,1529.83,1536.9,1547.5,1531.4,1534.0,7991629
2025-12-11,1537.89,1545.0,1550.0,1524.0,1536.9,4706197
2025-12-12,1549.34,1556.5,1559.8,1546.1,1550.8,5106655
2025-12-15,1549.04,1556.2,1558.6,1546.5,1551.2,5774543
2025-12-16,1535.2,1542.3,1551.7,1538.8,1545.0,11731856
2025-12-17,1537.29,1544.4,1550.0,1539.3,1550.0,7116649
2025-12-18,1537.29,1544.4,1551.5,1535.2,1535.2,6580829
2025-12-19,1557.9,1565.1,1574.2,1551.0,1554.4,13937275
2025-12-22,1568.15,1575.4,1577.5,1565.3,1573.5,10184852
2025-12-23,1563.47,1570.7,1580.9,1568.1,1580.9,7506564
2025-12-24,1551.03,1558.2,1575.7,1553.6,1572.7,8815745
2025-12-26,1552.02,1559.2,1561.0,1554.3,1554.7,2311495
2025-12-29,1538.49,1545.6,1558.1,1543.6,1554.9,5972105
2025-12-30,1532.71,1539.8,1553.6,1537.8,1547.0,8815884
2025-12-31,1563.17,1570.4,1577.0,1541.0,1541.0,5771830
2026-01-01,1568.35,1575.6,1592.5,1571.1,1573.7,6408128
2026-01-02,1584.97,1592.3,1594.6,1578.2,1580.0,6602230
2026-01-05,1570.84,1578.1,1611.8,1575.3,1593.0,8704973
2026-01-06,1500.66,1507.6,1569.0,1496.3,1569.0,27417125
2026-01-07,1497.28,1504.2,1520.0,1498.0,1510.0,11199340
2026-01-08,1463.83,1470.6,1503.9,1468.8,1500.0,16518684
2026-01-09,1468.51,1475.3,1479.9,1465.0,1465.0,8335311
2026-01-12,1476.37,1483.2,1485.3,1451.0,1475.3,8883745
2026-01-13,1446.11,1452.8,1485.8,1444.7,1485.0,13499760
2026-01-14,1452.09,1458.8,1467.0,1440.2,1444.0,8321764
2026-01-15,1452.09,1458.8,1458.8,1458.8,1458.8,0
2026-01-16,1451.19,1457.9,1480.0,1455.1,1458.8,17167161
2026-01-19,1407.09,1413.6,1450.6,1403.3,1450.6,20392765
2026-01-20,1387.58,1394.0,1416.0,1390.0,1410.7,13189498
2026-01-21,1398.14,1404.6,1412.9,1373.0,1389.5,17352720
2026-01-22,1396.05,1402.5,1419.5,1395.0,1410.1,15721693
2026-01-23,1379.72,1386.1,1407.0,1381.0,1401.8,9837802
2026-01-27,1374.15,1380.5,1391.6,1368.0,1380.0,26302396
2026-01-28,1390.27,1396.7,1409.9,1384.9,1385.0,11121657
2026-01-29,1384.6,1391.0,1402.9,1384.0,1402.9,20846683
2026-01-30,1388.98,1395.4,1398.0,1378.5,1382.6,11239835
2026-02-02,1384.0,1390.4,1392.9,1335.5,1340.0,15711165
2026-02-03,1430.49,1437.1,1489.5,1430.2,1473.9,25456171
2026-02-04,1450.1,1456.8,1464.0,1440.3,1444.0,8333387
2026-02-05,1436.76,1443.4,1461.5,1439.5,1457.0,11763658
2026-02-06,1444.12,1450.8,1452.8,1433.5,1441.5,8277304
2026-02-09,1454.87,1461.6,1465.9,1453.0,1458.0,5775864
2026-02-10,1451.79,1458.5,1471.0,1452.2,1471.0,10259630
2026-02-11,1461.94,1468.7,1470.0,1453.6,1459.6,7106877
2026-02-12,1442.23,1448.9,1473.0,1445.5,1470.0,11135399
2026-02-13,1413.07,1419.6,1450.7,1416.3,1445.5,10755693
2026-02-16,1430.49,1437.1,1439.6,1409.3,1420.1,5896514
2026-02-17,1416.45,1423.0,1431.8,1418.6,1431.1,10731630
2026-02-18,1434.67,1441.3,1442.1,1419.2,1427.0,5521096
2026-02-19,1403.01,1409.5,1443.0,1400.0,1443.0,11884664
2026-02-20,1412.87,1419.4,1427.4,1406.1,1409.5,8177670
2026-02-23,1421.43,1428.0,1434.9,1418.3,1425.0,7758856
2026-02-24,1422.22,1428.8,1433.3,1415.0,1425.3,12529409
2026-02-25,1392.06,1398.5,1440.5,1393.5,1435.0,10728792
2026-02-26,1400.33,1406.8,1412.9,1391.9,1398.5,16683858
2026-02-27,1387.48,1393.9,1410.4,1388.1,1398.0,12031440
2026-03-02,1351.75,1358.0,1378.6,1341.5,1375.5,23728722
2026-03-04,1338.81,1345.0,1352.8,1307.0,1330.0,32495007
2026-03-05,1383.01,1389.4,1399.0,1353.1,1353.1,25957532
2026-03-06,1398.33,1404.8,1424.3,1390.3,1396.5,19311971
2026-03-09,1417.45,1424.0,1429.4,1370.0,1375.0,24870822
2026-03-10,1402.32,1408.8,1431.5,1400.6,1430.6,18071259
2026-03-11,1383.8,1390.2,1434.0,1383.6,1424.9,21848087
2026-03-12,1385.79,1392.2,1410.9,1381.1,1390.0,20939959
2026-03-13,1374.35,1380.7,1400.8,1378.4,1385.2,17265090
2026-03-16,1388.68,1395.1,1397.3,1363.5,1380.0,22837802
2026-03-17,1391.17,1397.6,1405.9,1388.2,1399.0,19007744
2026-03-18,1401.62,1408.1,1412.9,1397.2,1397.2,9559327
2026-03-19,1378.43,1384.8,1415.7,1376.1,1388.0,16498373
2026-03-20,1407.89,1414.4,1430.0,1396.1,1398.0,22994918
2026-03-23,1401.32,1407.8,1415.6,1391.0,1400.0,18979554
2026-03-24,1405.3,1411.8,1422.4,1406.6,1420.0,18620893
2026-03-25,1406.6,1413.1,1430.5,1408.4,1420.0,19041331
2026-03-27,1341.9,1348.1,1404.7,1345.0,1401.0,23266517
2026-03-30,1337.71,1343.9,1365.0,1334.1,1335.0,24393861
2026-04-01,1362.9,1369.2,1384.4,1362.9,1384.2,14404619
2026-04-02,1344.28,1350.5,1358.2,1328.0,1357.0,21280051
2026-04-06,1298.7,1304.7,1359.0,1290.0,1359.0,29274881
2026-04-07,1298.6,1304.6,1308.3,1291.0,1295.0,28388922
2026-04-08,1341.6,1347.8,1350.6,1326.2,1349.0,21817543
2026-04-09,1323.88,1330.0,1350.0,1326.3,1346.0,20725390
2026-04-10,1343.99,1350.2,1352.3,1331.5,1337.0,19364461
2026-04-13,1309.05,1315.1,1327.6,1310.0,1321.2,28753269
2026-04-15,1337.91,1344.1,1347.0,1334.2,1337.0,15313779
2026-04-16,1337.12,1343.3,1353.8,1330.0,1352.0,30211012
2026-04-17,1358.72,1365.0,1368.4,1340.0,1340.0,13869105
2026-04-20,1357.03,1363.3,1373.0,1352.8,1363.2,13614733
2026-04-21,1347.07,1353.3,1369.8,1350.1,1359.0,27293629
2026-04-22,1355.83,1362.1,1366.0,1349.1,1350.3,9525953
2026-04-23,1337.22,1343.4,1355.5,1340.7,1346.0,16385079
2026-04-24,1321.69,1327.8,1345.9,1325.0,1340.0,11744802
2026-04-27,1359.51,1365.8,1371.6,1311.0,1313.0,24673098
2026-04-28,1382.51,1388.9,1395.2,1357.0,1358.0,41027699
2026-04-29,1418.84,1425.4,1433.8,1391.3,1392.0,30542143
2026-04-30,1424.22,1430.8,1437.0,1393.1,1409.0,30957881
2026-05-01,1424.22,1430.8,1430.8,1430.8,1430.8,0
2026-05-04,1456.37,1463.1,1467.4,1433.4,1433.4,24035700
2026-05-05,1456.86,1463.6,1473.4,1450.0,1460.0,23543341
2026-05-06,1431.28,1437.9,1473.3,1427.5,1463.0,14221786
2026-05-07,1429.59,1436.2,1449.5,1430.3,1438.8,19816903
2026-05-08,1428.59,1435.2,1442.8,1417.5,1426.0,8663105
2026-05-11,1381.81,1388.2,1428.0,1382.0,1420.0,15261787
2026-05-12,1357.72,1364.0,1393.5,1360.3,1392.0,24357500
2026-05-13,1352.55,1358.8,1372.4,1352.4,1361.4,13797989
2026-05-14,1355.53,1361.8,1378.0,1358.4,1365.2,17303059
2026-05-15,1330.25,1336.4,1364.8,1329.2,1356.8,19976192
2026-05-18,1329.75,1335.9,1342.0,1318.7,1334.0,13022473
2026-05-19,1316.61,1322.7,1344.0,1318.4,1338.7,21665501
2026-05-20,1353.44,1359.7,1362.9,1312.6,1318.7,13248515
2026-05-21,1343.39,1349.6,1370.9,1345.2,1367.2,17150630
2026-05-22,1348.27,1354.5,1367.4,1349.1,1350.0,7105813
2026-05-25,1360.71,1367.0,1371.1,1357.0,1366.8,6750071
2026-05-26,1350.06,1356.3,1368.5,1352.4,1360.1,13769747
2026-05-27,1344.28,1350.5,1361.0,1348.6,1353.0,13215138
2026-05-28,1344.28,1350.5,1350.5,1350.5,1350.5,0
2026-05-29,1315.12,1321.2,1369.0,1317.0,1364.0,42634247
2026-06-01,1313.92,1320.0,1335.5,1318.5,1332.5,10700603
2026-06-02,1308.55,1314.6,1327.8,1300.3,1307.7,23302785
2026-06-03,1307.16,1313.2,1324.0,1301.0,1315.0,20012293
2026-06-04,1297.7,1303.7,1311.2,1293.1,1301.0,23474327
2026-06-05,1291.0,1291.0,1306.0,1288.0,1304.5,17785223
2026-06-08,1263.3,1263.3,1282.6,1259.2,1277.0,16494759
2026-06-09,1269.2,1269.2,1274.2,1257.5,1269.0,23620214
2026-06-10,1258.8,1258.8,1300.5,1254.4,1275.0,21012796
2026-06-11,1263.0,1263.0,1276.0,1253.2,1258.0,13117486
2026-06-12,1293.0,1293.0,1297.0,1262.5,1277.0,11988785
2026-06-15,1307.0,1307.0,1325.0,1303.3,1315.3,18633321
2026-06-16,1328.8,1328.8,1333.4,1306.4,1313.4,18513223
2026-06-17,1332.7,1332.7,1334.0,1317.0,1333.0,10029170
2026-06-18,1328.1,1328.1,1333.9,1322.0,1330.0,15494549
2026-06-19,1309.5,1309.5,1338.2,1305.3,1328.0,24887034
2026-06-22,1326.5,1326.5,1344.9,1314.1,1316.7,12931213
2026-06-23,1309.5,1309.5,1333.0,1304.0,1328.9,15400184
2026-06-24,1313.6,1313.6,1322.0,1297.5,1305.7,11030917
2026-06-25,1318.1,1318.1,1328.0,1314.6,1318.0,12694362
2026-06-26,1318.1,1318.1,1318.1,1318.1,1318.1,0
2026-06-29,1301.0,1301.0,1313.7,1292.6,1308.0,13757656
2026-06-30,1293.9,1293.9,1306.9,1290.0,1306.9,15695263
2026-07-01,1308.0,1308.0,1312.2,1296.5,1298.9,7001401
2026-07-02,1303.5,1303.5,1313.2,1299.0,1310.0,17795024
2026-07-03,1304.0,1304.0,1312.0,1302.0,1312.0,7839550
2026-07-06,1321.3,1321.3,1325.6,1299.4,1304.0,7610709
2026-07-07,1308.4,1308.4,1328.0,1304.1,1323.5,14335554
2026-07-08,1275.9,1275.9,1302.3,1271.6,1297.0,19960868
2026-07-09,1279.8,1279.8,1296.5,1274.2,1277.1,14651963
2026-07-10,1307.8,1307.8,1311.1,1287.8,1291.9,8412537
2026-07-13,1296.9,1296.9,1306.4,1295.0,1300.0,9488352
2026-07-14,1293.0,1293.0,1308.0,1286.9,1290.0,13511284
2026-07-15,1295.5,1295.5,1310.9,1294.1,1294.1,9577965
2026-07-16,1296.6,1296.6,1309.4,1291.8,1295.5,15631046
2026-07-17,1327.2,1327.2,1330.3,1296.1,1300.0,18302218
2026-07-20,1323.1,1323.1,1345.9,1314.9,1317.2,14305844
2026-07-21,1303.7,1303.7,1326.9,1302.7,1321.0,12753410
2026-07-22,1288.6,1288.6,1304.6,1280.7,1302.0,10840383
2026-07-23,1272.2,1272.2,1287.3,1268.0,1283.0,12580741
2026-07-24,1278.0,1278.0,1283.4,1249.8,1265.0,9817000
2026-07-27,1280.0,1280.0,1288.7,1278.0,1288.2,7163132
2026-07-28,1267.7,1267.7,1279.2,1265.9,1275.0,9312184
2026-07-29,1275.9,1275.9,1282.4,1268.7,1275.0,9448307
2026-07-30,1292.9,1292.9,1297.0,1275.3,1279.8,12158451
2026-07-31,1307.8,1307.8,1309.7,1293.6,1295.0,8624996
2026-08-03,1319.0,1319.0,1319.0,1306.0,1315.2,7508023
2026-08-04,1290.9,1290.9,1315.0,1286.4,1315.0,10759546
2026-08-05,1280.0,1280.0,1299.0,1270.1,1293.0,24820782
2026-08-06,1325.0,1325.0,1325.2,1281.2,1285.0,20342297
2026-08-07,1334.8,1334.8,1337.0,1316.6,1320.0,9885638
2026-08-10,1327.3,1327.3,1332.9,1321.3,1330.1,8207102
2026-08-11,1323.9,1323.9,1328.7,1314.1,1326.6,9953124
2026-08-12,1329.0,1329.0,1329.0,1309.2,1323.9,7901012
2026-08-13,1317.0,1317.0,1327.8,1307.2,1327.8,9397301
2026-08-14,1310.0,1310.0,1317.5,1301.5,1317.0,10497358
2026-08-17,1316.0,1316.0,1320.8,1298.1,1314.0,13383867
2026-08-18,1322.0,1322.0,1328.6,1311.2,1314.0,10180567
2026-08-19,1311.0,1311.0,1321.6,1303.5,1320.3,7489365
2026-08-20,1313.2,1313.2,1316.5,1307.0,1315.5,5546227
2026-08-21,1316.0,1316.0,1316.0,1308.0,1314.0,5434871
2026-08-24,1309.8,1309.8,1320.0,1302.4,1316.6,7277167
2026-08-25,1317.0,1317.0,1317.1,1300.0,1304.3,7115355
2026-08-26,1298.0,1298.0,1315.6,1298.0,1310.0,5744474
2026-08-27,1282.2,1282.2,1308.4,1282.2,1305.0,11271497
2026-08-28,1287.0,1287.0,1291.8,1280.0,1284.9,6830228
2026-08-31,1277.0,1277.0,1297.6,1271.0,1278.7,34871137
2026-09-01,1309.0,1309.0,1311.8,1280.0,1285.0,12617528
2026-09-02,1313.1,1313.1,1321.9,1293.1,1298.0,13497841
2026-09-03,1302.5,1302.5,1316.8,1302.5,1313.1,9721454
2026-09-04,1322.0,1322.0,1333.0,1304.1,1304.1,13031534
2026-09-07,1309.5,1309.5,1324.2,1301.9,1323.1,10210522
2026-09-08,1294.9,1294.9,1306.8,1288.0,1304.1,9799528
2026-09-09,1279.0,1279.0,1294.7,1277.2,1283.5,12152819
2026-09-10,1274.0,1274.0,1285.3,1266.3,1278.5,9296079
2026-09-11,1257.5,1257.5,1267.4,1253.0,1267.0,8777736
