Pattern,Feature,Importance
Hammer,Lower_Wick_Ratio,0.29550572594872754
Hammer,Body_Ratio,0.1825147645354843
Hammer,Lower_Wick,0.12256632333482048
Hammer,Upper_Wick_Ratio,0.1087572129631551
Hammer,Body,0.08875095043152059
Hammer,Upper_Wick,0.06378842464863886
Hammer,Range,0.02213129361530989
Hammer,Lower_Wick_1,0.010469640831892996
Hammer,Volume,0.010430497763073174
Hammer,Upper_Wick_1,0.010333580945988482
Inverted_Hammer,Upper_Wick_Ratio,0.2792406270008462
Inverted_Hammer,Body_Ratio,0.18054165750580037
Inverted_Hammer,Lower_Wick_Ratio,0.11630853197794618
Inverted_Hammer,Lower_Wick,0.0990934546025723
Inverted_Hammer,Upper_Wick,0.08881002530267919
Inverted_Hammer,Body,0.08363087865554579
Inverted_Hammer,Range,0.023348919523753606
Inverted_Hammer,Volume,0.01151081454685187
Inverted_Hammer,Range_2,0.008261109594899414
Inverted_Hammer,Upper_Wick_Ratio_1,0.007355583402996765
Doji,Body_Ratio,0.4115447619325388
Doji,Body,0.26871156978299215
Doji,Upper_Wick_Ratio,0.08629880537142719
Doji,Lower_Wick_Ratio,0.07436148417994078
Doji,Upper_Wick,0.04753932492353586
Doji,Lower_Wick,0.02524321403824036
Doji,Range,0.015759368684611356
Doji,Volume,0.005494475564831754
Doji,Lower_Wick_2,0.004576389769686521
Doji,Body_2,0.004107588756782491
Bullish_Engulfing,Lower_Wick_Ratio,0.12308422595436012
Bullish_Engulfing,Body,0.10589245446318944
Bullish_Engulfing,Body_Ratio,0.07623174303749067
Bullish_Engulfing,Lower_Wick,0.07100322749304686
Bullish_Engulfing,Range,0.05814642906743174
Bullish_Engulfing,Body_Ratio_1,0.04699290629313516
Bullish_Engulfing,Body_1,0.04258261508937791
Bullish_Engulfing,Upper_Wick,0.040286127041616326
Bullish_Engulfing,Range_1,0.03831558606821665
Bullish_Engulfing,Upper_Wick_Ratio,0.037763003974080694
Bearish_Engulfing,Body_Ratio,0.11620774892028189
Bearish_Engulfing,Body_1,0.10951508339191172
Bearish_Engulfing,Body,0.10065863876604242
Bearish_Engulfing,Upper_Wick_Ratio,0.07350000118120087
Bearish_Engulfing,Lower_Wick_Ratio,0.07084847048321362
Bearish_Engulfing,Body_Ratio_1,0.057450264878867875
Bearish_Engulfing,Upper_Wick_Ratio_1,0.04893813089483674
Bearish_Engulfing,Range,0.04399796648689212
Bearish_Engulfing,Upper_Wick,0.041717263350629336
Bearish_Engulfing,Range_1,0.04111285340256009
Shooting_Star,Upper_Wick_Ratio,0.20438869809096707
Shooting_Star,Lower_Wick_Ratio,0.18314123486637074
Shooting_Star,Lower_Wick,0.16055110592040278
Shooting_Star,Body_Ratio,0.12390206758239156
Shooting_Star,Body,0.0665750014514276
Shooting_Star,Upper_Wick,0.043257659919100425
Shooting_Star,Volume,0.028223400474843976
Shooting_Star,Range,0.02795303542779355
Shooting_Star,Lower_Wick_1,0.017441271569152816
Shooting_Star,Upper_Wick_Ratio_1,0.014898679865376494
Morning_Star,Body_2,0.11528674900560501
Morning_Star,Body_Ratio_2,0.09103229882464482
Morning_Star,Body_1,0.08117108636068247
Morning_Star,Upper_Wick_Ratio_2,0.05965462751981209
Morning_Star,Upper_Wick_Ratio,0.0574276956867173
Morning_Star,Lower_Wick_Ratio_2,0.05328234815527664
Morning_Star,Lower_Wick_2,0.05318393020735601
Morning_Star,Range_2,0.04793474288744307
Morning_Star,Body_Ratio_1,0.0453637500600757
Morning_Star,Upper_Wick,0.045264323599926666
Evening_Star,Body_1,0.09146645668778353
Evening_Star,Body_Ratio_1,0.09035624533091148
Evening_Star,Body_2,0.08359176085590025
Evening_Star,Body_Ratio_2,0.0598919795640242
Evening_Star,Upper_Wick_Ratio_2,0.05615755940839235
Evening_Star,Lower_Wick_Ratio_2,0.05108891155492981
Evening_Star,Range_1,0.05053493770135711
Evening_Star,Range_2,0.04604403302797496
Evening_Star,Upper_Wick_2,0.04568667472368936
Evening_Star,Lower_Wick,0.04410915874182374
